date,city,weather,traffic_level
2024-01-01,Mumbai,Clear,Medium
2024-01-01,Delhi,Cloudy,High
2024-01-01,Bangalore,Clear,Medium
2024-01-01,Hyderabad,Cloudy,Low
2024-01-01,Pune,Rain,Medium
2024-01-01,Chennai,Rain,Low
2024-01-01,Kolkata,Cloudy,High
2024-01-02,Mumbai,Clear,Medium
2024-01-02,Delhi,Rain,High
2024-01-02,Bangalore,Cloudy,Medium
2024-01-02,Hyderabad,Cloudy,Low
2024-01-02,Pune,Cloudy,Low
2024-01-02,Chennai,Rain,Low
2024-01-02,Kolkata,Clear,High
2024-01-03,Mumbai,Storm,Medium
2024-01-03,Delhi,Storm,Low
2024-01-03,Bangalore,Rain,High
2024-01-03,Hyderabad,Clear,High
2024-01-03,Pune,Rain,Medium
2024-01-03,Chennai,Cloudy,Low
2024-01-03,Kolkata,Clear,High
2024-01-04,Mumbai,Clear,High
2024-01-04,Delhi,Rain,High
2024-01-04,Bangalore,Rain,Low
2024-01-04,Hyderabad,Storm,Low
2024-01-04,Pune,Rain,High
2024-01-04,Chennai,Cloudy,High
2024-01-04,Kolkata,Storm,Medium
2024-01-05,Mumbai,Rain,Low
2024-01-05,Delhi,Storm,High
2024-01-05,Bangalore,Rain,Medium
2024-01-05,Hyderabad,Clear,Low
2024-01-05,Pune,Clear,Medium
2024-01-05,Chennai,Storm,Medium
2024-01-05,Kolkata,Storm,High
2024-01-06,Mumbai,Cloudy,Medium
2024-01-06,Delhi,Clear,High
2024-01-06,Bangalore,Storm,Medium
2024-01-06,Hyderabad,Cloudy,Low
2024-01-06,Pune,Rain,High
2024-01-06,Chennai,Rain,Low
2024-01-06,Kolkata,Rain,High
2024-01-07,Mumbai,Storm,High
2024-01-07,Delhi,Rain,High
2024-01-07,Bangalore,Rain,High
2024-01-07,Hyderabad,Rain,Low
2024-01-07,Pune,Rain,Medium
2024-01-07,Chennai,Storm,High
2024-01-07,Kolkata,Storm,Medium
2024-01-08,Mumbai,Cloudy,Medium
2024-01-08,Delhi,Clear,Low
2024-01-08,Bangalore,Storm,High
2024-01-08,Hyderabad,Rain,Low
2024-01-08,Pune,Clear,Medium
2024-01-08,Chennai,Storm,Medium
2024-01-08,Kolkata,Clear,High
2024-01-09,Mumbai,Rain,High
2024-01-09,Delhi,Storm,High
2024-01-09,Bangalore,Rain,Low
2024-01-09,Hyderabad,Cloudy,High
2024-01-09,Pune,Clear,Medium
2024-01-09,Chennai,Storm,High
2024-01-09,Kolkata,Cloudy,High
2024-01-10,Mumbai,Clear,Low
2024-01-10,Delhi,Rain,Low
2024-01-10,Bangalore,Cloudy,Medium
2024-01-10,Hyderabad,Storm,Medium
2024-01-10,Pune,Cloudy,Medium
2024-01-10,Chennai,Cloudy,High
2024-01-10,Kolkata,Cloudy,Low
2024-01-11,Mumbai,Rain,Low
2024-01-11,Delhi,Cloudy,High
2024-01-11,Bangalore,Storm,High
2024-01-11,Hyderabad,Storm,Low
2024-01-11,Pune,Cloudy,Low
2024-01-11,Chennai,Cloudy,High
2024-01-11,Kolkata,Clear,High
2024-01-12,Mumbai,Cloudy,High
2024-01-12,Delhi,Clear,Medium
2024-01-12,Bangalore,Clear,Low
2024-01-12,Hyderabad,Storm,Low
2024-01-12,Pune,Cloudy,Medium
2024-01-12,Chennai,Cloudy,Medium
2024-01-12,Kolkata,Rain,Low
2024-01-13,Mumbai,Clear,Medium
2024-01-13,Delhi,Cloudy,Medium
2024-01-13,Bangalore,Storm,High
2024-01-13,Hyderabad,Clear,Medium
2024-01-13,Pune,Storm,High
2024-01-13,Chennai,Clear,Low
2024-01-13,Kolkata,Storm,Medium
2024-01-14,Mumbai,Cloudy,Medium
2024-01-14,Delhi,Rain,High
2024-01-14,Bangalore,Storm,Low
2024-01-14,Hyderabad,Rain,Low
2024-01-14,Pune,Storm,Medium
2024-01-14,Chennai,Clear,High
2024-01-14,Kolkata,Storm,High
2024-01-15,Mumbai,Rain,High
2024-01-15,Delhi,Clear,Low
2024-01-15,Bangalore,Rain,Low
2024-01-15,Hyderabad,Clear,Medium
2024-01-15,Pune,Clear,High
2024-01-15,Chennai,Rain,Low
2024-01-15,Kolkata,Clear,Low
2024-01-16,Mumbai,Storm,High
2024-01-16,Delhi,Clear,Medium
2024-01-16,Bangalore,Storm,High
2024-01-16,Hyderabad,Storm,High
2024-01-16,Pune,Clear,High
2024-01-16,Chennai,Rain,Medium
2024-01-16,Kolkata,Clear,Low
2024-01-17,Mumbai,Storm,Medium
2024-01-17,Delhi,Cloudy,High
2024-01-17,Bangalore,Clear,Low
2024-01-17,Hyderabad,Storm,Low
2024-01-17,Pune,Storm,Medium
2024-01-17,Chennai,Storm,Low
2024-01-17,Kolkata,Rain,Low
2024-01-18,Mumbai,Storm,Low
2024-01-18,Delhi,Clear,High
2024-01-18,Bangalore,Cloudy,High
2024-01-18,Hyderabad,Clear,High
2024-01-18,Pune,Rain,Low
2024-01-18,Chennai,Clear,High
2024-01-18,Kolkata,Cloudy,Medium
2024-01-19,Mumbai,Rain,Medium
2024-01-19,Delhi,Cloudy,Low
2024-01-19,Bangalore,Cloudy,Medium
2024-01-19,Hyderabad,Clear,Low
2024-01-19,Pune,Rain,Low
2024-01-19,Chennai,Cloudy,Medium
2024-01-19,Kolkata,Clear,Low
2024-01-20,Mumbai,Clear,Medium
2024-01-20,Delhi,Clear,Low
2024-01-20,Bangalore,Cloudy,High
2024-01-20,Hyderabad,Rain,Medium
2024-01-20,Pune,Clear,High
2024-01-20,Chennai,Rain,High
2024-01-20,Kolkata,Clear,Medium
2024-01-21,Mumbai,Storm,Medium
2024-01-21,Delhi,Rain,Low
2024-01-21,Bangalore,Cloudy,High
2024-01-21,Hyderabad,Rain,Medium
2024-01-21,Pune,Rain,High
2024-01-21,Chennai,Cloudy,Medium
2024-01-21,Kolkata,Storm,Low
2024-01-22,Mumbai,Cloudy,Medium
2024-01-22,Delhi,Clear,High
2024-01-22,Bangalore,Cloudy,High
2024-01-22,Hyderabad,Cloudy,Medium
2024-01-22,Pune,Clear,Medium
2024-01-22,Chennai,Storm,Low
2024-01-22,Kolkata,Rain,Low
2024-01-23,Mumbai,Storm,High
2024-01-23,Delhi,Storm,High
2024-01-23,Bangalore,Clear,Low
2024-01-23,Hyderabad,Clear,Medium
2024-01-23,Pune,Rain,High
2024-01-23,Chennai,Storm,Medium
2024-01-23,Kolkata,Clear,Low
2024-01-24,Mumbai,Cloudy,Medium
2024-01-24,Delhi,Clear,High
2024-01-24,Bangalore,Cloudy,High
2024-01-24,Hyderabad,Cloudy,High
2024-01-24,Pune,Cloudy,Medium
2024-01-24,Chennai,Clear,Low
2024-01-24,Kolkata,Rain,Low
2024-01-25,Mumbai,Storm,Low
2024-01-25,Delhi,Cloudy,Low
2024-01-25,Bangalore,Clear,High
2024-01-25,Hyderabad,Cloudy,Low
2024-01-25,Pune,Cloudy,Medium
2024-01-25,Chennai,Rain,High
2024-01-25,Kolkata,Storm,Low
2024-01-26,Mumbai,Clear,Medium
2024-01-26,Delhi,Cloudy,High
2024-01-26,Bangalore,Storm,High
2024-01-26,Hyderabad,Rain,Low
2024-01-26,Pune,Storm,Medium
2024-01-26,Chennai,Rain,Medium
2024-01-26,Kolkata,Storm,Medium
2024-01-27,Mumbai,Rain,High
2024-01-27,Delhi,Cloudy,High
2024-01-27,Bangalore,Cloudy,Medium
2024-01-27,Hyderabad,Cloudy,Medium
2024-01-27,Pune,Cloudy,Low
2024-01-27,Chennai,Clear,High
2024-01-27,Kolkata,Clear,Medium
2024-01-28,Mumbai,Clear,High
2024-01-28,Delhi,Cloudy,High
2024-01-28,Bangalore,Storm,High
2024-01-28,Hyderabad,Storm,High
2024-01-28,Pune,Rain,High
2024-01-28,Chennai,Clear,High
2024-01-28,Kolkata,Clear,Medium
2024-01-29,Mumbai,Rain,Low
2024-01-29,Delhi,Rain,Medium
2024-01-29,Bangalore,Cloudy,Medium
2024-01-29,Hyderabad,Rain,High
2024-01-29,Pune,Rain,High
2024-01-29,Chennai,Rain,Low
2024-01-29,Kolkata,Clear,Low
2024-01-30,Mumbai,Clear,Low
2024-01-30,Delhi,Cloudy,Low
2024-01-30,Bangalore,Clear,Medium
2024-01-30,Hyderabad,Rain,Medium
2024-01-30,Pune,Clear,Medium
2024-01-30,Chennai,Cloudy,High
2024-01-30,Kolkata,Clear,Low
2024-01-31,Mumbai,Clear,Medium
2024-01-31,Delhi,Rain,Medium
2024-01-31,Bangalore,Rain,Medium
2024-01-31,Hyderabad,Cloudy,Medium
2024-01-31,Pune,Rain,High
2024-01-31,Chennai,Storm,Medium
2024-01-31,Kolkata,Clear,Medium
2024-02-01,Mumbai,Storm,Low
2024-02-01,Delhi,Storm,High
2024-02-01,Bangalore,Clear,High
2024-02-01,Hyderabad,Storm,Low
2024-02-01,Pune,Rain,High
2024-02-01,Chennai,Cloudy,Low
2024-02-01,Kolkata,Storm,Low
2024-02-02,Mumbai,Storm,High
2024-02-02,Delhi,Clear,Low
2024-02-02,Bangalore,Cloudy,High
2024-02-02,Hyderabad,Cloudy,Medium
2024-02-02,Pune,Rain,Low
2024-02-02,Chennai,Cloudy,Low
2024-02-02,Kolkata,Cloudy,Low
2024-02-03,Mumbai,Clear,Low
2024-02-03,Delhi,Storm,Medium
2024-02-03,Bangalore,Storm,High
2024-02-03,Hyderabad,Rain,High
2024-02-03,Pune,Rain,Medium
2024-02-03,Chennai,Storm,Medium
2024-02-03,Kolkata,Cloudy,Low
2024-02-04,Mumbai,Storm,Medium
2024-02-04,Delhi,Storm,Medium
2024-02-04,Bangalore,Cloudy,Low
2024-02-04,Hyderabad,Cloudy,Medium
2024-02-04,Pune,Rain,Low
2024-02-04,Chennai,Clear,Medium
2024-02-04,Kolkata,Rain,High
2024-02-05,Mumbai,Rain,Medium
2024-02-05,Delhi,Storm,Medium
2024-02-05,Bangalore,Rain,Low
2024-02-05,Hyderabad,Cloudy,High
2024-02-05,Pune,Storm,High
2024-02-05,Chennai,Storm,High
2024-02-05,Kolkata,Cloudy,Low
2024-02-06,Mumbai,Storm,High
2024-02-06,Delhi,Clear,High
2024-02-06,Bangalore,Storm,High
2024-02-06,Hyderabad,Rain,High
2024-02-06,Pune,Storm,High
2024-02-06,Chennai,Clear,Low
2024-02-06,Kolkata,Cloudy,Low
2024-02-07,Mumbai,Storm,Low
2024-02-07,Delhi,Rain,Low
2024-02-07,Bangalore,Cloudy,High
2024-02-07,Hyderabad,Clear,High
2024-02-07,Pune,Cloudy,High
2024-02-07,Chennai,Cloudy,High
2024-02-07,Kolkata,Storm,High
2024-02-08,Mumbai,Rain,Low
2024-02-08,Delhi,Cloudy,Low
2024-02-08,Bangalore,Storm,Medium
2024-02-08,Hyderabad,Clear,High
2024-02-08,Pune,Clear,High
2024-02-08,Chennai,Cloudy,Low
2024-02-08,Kolkata,Cloudy,High
2024-02-09,Mumbai,Storm,Medium
2024-02-09,Delhi,Storm,Low
2024-02-09,Bangalore,Storm,High
2024-02-09,Hyderabad,Clear,Low
2024-02-09,Pune,Storm,Low
2024-02-09,Chennai,Storm,High
2024-02-09,Kolkata,Cloudy,High
2024-02-10,Mumbai,Storm,Low
2024-02-10,Delhi,Storm,High
2024-02-10,Bangalore,Storm,High
2024-02-10,Hyderabad,Rain,Low
2024-02-10,Pune,Clear,Medium
2024-02-10,Chennai,Storm,Low
2024-02-10,Kolkata,Cloudy,Medium
2024-02-11,Mumbai,Cloudy,Medium
2024-02-11,Delhi,Cloudy,Low
2024-02-11,Bangalore,Storm,Medium
2024-02-11,Hyderabad,Rain,Low
2024-02-11,Pune,Rain,High
2024-02-11,Chennai,Storm,High
2024-02-11,Kolkata,Rain,High
2024-02-12,Mumbai,Cloudy,High
2024-02-12,Delhi,Rain,Medium
2024-02-12,Bangalore,Storm,Medium
2024-02-12,Hyderabad,Rain,Low
2024-02-12,Pune,Cloudy,Medium
2024-02-12,Chennai,Storm,High
2024-02-12,Kolkata,Clear,Low
2024-02-13,Mumbai,Clear,Low
2024-02-13,Delhi,Clear,High
2024-02-13,Bangalore,Storm,Low
2024-02-13,Hyderabad,Clear,High
2024-02-13,Pune,Rain,Medium
2024-02-13,Chennai,Storm,Low
2024-02-13,Kolkata,Storm,High
2024-02-14,Mumbai,Rain,Low
2024-02-14,Delhi,Storm,Medium
2024-02-14,Bangalore,Cloudy,High
2024-02-14,Hyderabad,Clear,Low
2024-02-14,Pune,Storm,Medium
2024-02-14,Chennai,Clear,Low
2024-02-14,Kolkata,Rain,High
2024-02-15,Mumbai,Clear,Medium
2024-02-15,Delhi,Storm,Low
2024-02-15,Bangalore,Storm,Medium
2024-02-15,Hyderabad,Clear,High
2024-02-15,Pune,Rain,Medium
2024-02-15,Chennai,Rain,High
2024-02-15,Kolkata,Storm,Medium
2024-02-16,Mumbai,Cloudy,Medium
2024-02-16,Delhi,Storm,Medium
2024-02-16,Bangalore,Storm,Low
2024-02-16,Hyderabad,Storm,Low
2024-02-16,Pune,Cloudy,Medium
2024-02-16,Chennai,Cloudy,Low
2024-02-16,Kolkata,Rain,Medium
2024-02-17,Mumbai,Clear,Medium
2024-02-17,Delhi,Cloudy,Medium
2024-02-17,Bangalore,Rain,High
2024-02-17,Hyderabad,Storm,Medium
2024-02-17,Pune,Cloudy,Low
2024-02-17,Chennai,Storm,Medium
2024-02-17,Kolkata,Cloudy,Medium
2024-02-18,Mumbai,Storm,Medium
2024-02-18,Delhi,Storm,High
2024-02-18,Bangalore,Storm,Low
2024-02-18,Hyderabad,Cloudy,High
2024-02-18,Pune,Cloudy,Low
2024-02-18,Chennai,Clear,Low
2024-02-18,Kolkata,Clear,Medium
2024-02-19,Mumbai,Storm,Medium
2024-02-19,Delhi,Storm,Medium
2024-02-19,Bangalore,Rain,Low
2024-02-19,Hyderabad,Rain,Low
2024-02-19,Pune,Clear,High
2024-02-19,Chennai,Clear,High
2024-02-19,Kolkata,Cloudy,Low
2024-02-20,Mumbai,Rain,Low
2024-02-20,Delhi,Rain,Medium
2024-02-20,Bangalore,Storm,High
2024-02-20,Hyderabad,Storm,Low
2024-02-20,Pune,Storm,Medium
2024-02-20,Chennai,Storm,High
2024-02-20,Kolkata,Rain,High
2024-02-21,Mumbai,Cloudy,Medium
2024-02-21,Delhi,Rain,Medium
2024-02-21,Bangalore,Clear,High
2024-02-21,Hyderabad,Clear,Medium
2024-02-21,Pune,Storm,Medium
2024-02-21,Chennai,Rain,Low
2024-02-21,Kolkata,Storm,Low
2024-02-22,Mumbai,Storm,High
2024-02-22,Delhi,Storm,Medium
2024-02-22,Bangalore,Rain,Medium
2024-02-22,Hyderabad,Cloudy,Medium
2024-02-22,Pune,Clear,Low
2024-02-22,Chennai,Rain,Low
2024-02-22,Kolkata,Clear,Medium
2024-02-23,Mumbai,Storm,Medium
2024-02-23,Delhi,Clear,High
2024-02-23,Bangalore,Clear,Medium
2024-02-23,Hyderabad,Storm,High
2024-02-23,Pune,Clear,Low
2024-02-23,Chennai,Rain,Low
2024-02-23,Kolkata,Cloudy,High
2024-02-24,Mumbai,Clear,High
2024-02-24,Delhi,Rain,Medium
2024-02-24,Bangalore,Clear,Medium
2024-02-24,Hyderabad,Clear,Medium
2024-02-24,Pune,Clear,High
2024-02-24,Chennai,Storm,Low
2024-02-24,Kolkata,Clear,High
2024-02-25,Mumbai,Storm,Low
2024-02-25,Delhi,Clear,High
2024-02-25,Bangalore,Storm,Low
2024-02-25,Hyderabad,Rain,High
2024-02-25,Pune,Rain,Medium
2024-02-25,Chennai,Rain,Low
2024-02-25,Kolkata,Clear,High
2024-02-26,Mumbai,Rain,Medium
2024-02-26,Delhi,Cloudy,High
2024-02-26,Bangalore,Cloudy,High
2024-02-26,Hyderabad,Storm,Medium
2024-02-26,Pune,Clear,Low
2024-02-26,Chennai,Cloudy,High
2024-02-26,Kolkata,Storm,Medium
2024-02-27,Mumbai,Storm,High
2024-02-27,Delhi,Storm,High
2024-02-27,Bangalore,Rain,High
2024-02-27,Hyderabad,Rain,High
2024-02-27,Pune,Cloudy,Medium
2024-02-27,Chennai,Rain,High
2024-02-27,Kolkata,Clear,Medium
2024-02-28,Mumbai,Clear,Low
2024-02-28,Delhi,Rain,Medium
2024-02-28,Bangalore,Rain,Medium
2024-02-28,Hyderabad,Clear,High
2024-02-28,Pune,Clear,High
2024-02-28,Chennai,Storm,Low
2024-02-28,Kolkata,Clear,Low
2024-02-29,Mumbai,Clear,Low
2024-02-29,Delhi,Cloudy,High
2024-02-29,Bangalore,Clear,Medium
2024-02-29,Hyderabad,Rain,Low
2024-02-29,Pune,Rain,High
2024-02-29,Chennai,Rain,Low
2024-02-29,Kolkata,Storm,Medium
2024-03-01,Mumbai,Cloudy,High
2024-03-01,Delhi,Storm,Low
2024-03-01,Bangalore,Clear,Low
2024-03-01,Hyderabad,Clear,Low
2024-03-01,Pune,Cloudy,High
2024-03-01,Chennai,Storm,High
2024-03-01,Kolkata,Rain,High
2024-03-02,Mumbai,Rain,Low
2024-03-02,Delhi,Clear,Low
2024-03-02,Bangalore,Rain,Medium
2024-03-02,Hyderabad,Storm,Low
2024-03-02,Pune,Storm,Low
2024-03-02,Chennai,Cloudy,Medium
2024-03-02,Kolkata,Clear,Medium
2024-03-03,Mumbai,Rain,Medium
2024-03-03,Delhi,Clear,High
2024-03-03,Bangalore,Clear,Medium
2024-03-03,Hyderabad,Cloudy,Medium
2024-03-03,Pune,Clear,High
2024-03-03,Chennai,Cloudy,High
2024-03-03,Kolkata,Cloudy,Medium
2024-03-04,Mumbai,Cloudy,High
2024-03-04,Delhi,Storm,Medium
2024-03-04,Bangalore,Rain,High
2024-03-04,Hyderabad,Clear,High
2024-03-04,Pune,Clear,Low
2024-03-04,Chennai,Rain,Medium
2024-03-04,Kolkata,Cloudy,Medium
2024-03-05,Mumbai,Storm,Medium
2024-03-05,Delhi,Cloudy,Low
2024-03-05,Bangalore,Cloudy,High
2024-03-05,Hyderabad,Storm,High
2024-03-05,Pune,Clear,High
2024-03-05,Chennai,Rain,High
2024-03-05,Kolkata,Storm,Low
2024-03-06,Mumbai,Clear,Medium
2024-03-06,Delhi,Storm,High
2024-03-06,Bangalore,Cloudy,Low
2024-03-06,Hyderabad,Storm,Low
2024-03-06,Pune,Cloudy,High
2024-03-06,Chennai,Storm,Low
2024-03-06,Kolkata,Cloudy,Medium
2024-03-07,Mumbai,Cloudy,Medium
2024-03-07,Delhi,Cloudy,High
2024-03-07,Bangalore,Rain,Medium
2024-03-07,Hyderabad,Rain,Medium
2024-03-07,Pune,Cloudy,Low
2024-03-07,Chennai,Cloudy,High
2024-03-07,Kolkata,Clear,Low
2024-03-08,Mumbai,Storm,Low
2024-03-08,Delhi,Storm,Low
2024-03-08,Bangalore,Rain,Medium
2024-03-08,Hyderabad,Storm,Medium
2024-03-08,Pune,Storm,Medium
2024-03-08,Chennai,Clear,High
2024-03-08,Kolkata,Clear,Medium
2024-03-09,Mumbai,Rain,Low
2024-03-09,Delhi,Clear,High
2024-03-09,Bangalore,Clear,Medium
2024-03-09,Hyderabad,Clear,High
2024-03-09,Pune,Cloudy,Low
2024-03-09,Chennai,Cloudy,High
2024-03-09,Kolkata,Clear,Medium
2024-03-10,Mumbai,Rain,Low
2024-03-10,Delhi,Rain,Low
2024-03-10,Bangalore,Storm,Medium
2024-03-10,Hyderabad,Clear,Medium
2024-03-10,Pune,Storm,Low
2024-03-10,Chennai,Cloudy,High
2024-03-10,Kolkata,Cloudy,Medium
2024-03-11,Mumbai,Clear,Medium
2024-03-11,Delhi,Clear,Medium
2024-03-11,Bangalore,Storm,High
2024-03-11,Hyderabad,Clear,Medium
2024-03-11,Pune,Storm,High
2024-03-11,Chennai,Clear,High
2024-03-11,Kolkata,Cloudy,High
2024-03-12,Mumbai,Rain,Medium
2024-03-12,Delhi,Cloudy,High
2024-03-12,Bangalore,Cloudy,High
2024-03-12,Hyderabad,Rain,High
2024-03-12,Pune,Storm,Low
2024-03-12,Chennai,Cloudy,Low
2024-03-12,Kolkata,Clear,Medium
2024-03-13,Mumbai,Storm,Medium
2024-03-13,Delhi,Cloudy,Medium
2024-03-13,Bangalore,Rain,Low
2024-03-13,Hyderabad,Storm,Medium
2024-03-13,Pune,Rain,High
2024-03-13,Chennai,Storm,High
2024-03-13,Kolkata,Storm,High
2024-03-14,Mumbai,Rain,Medium
2024-03-14,Delhi,Cloudy,Medium
2024-03-14,Bangalore,Storm,High
2024-03-14,Hyderabad,Storm,Low
2024-03-14,Pune,Storm,High
2024-03-14,Chennai,Clear,Medium
2024-03-14,Kolkata,Rain,High
2024-03-15,Mumbai,Clear,High
2024-03-15,Delhi,Storm,Low
2024-03-15,Bangalore,Cloudy,High
2024-03-15,Hyderabad,Storm,Medium
2024-03-15,Pune,Storm,Medium
2024-03-15,Chennai,Storm,High
2024-03-15,Kolkata,Rain,Low
2024-03-16,Mumbai,Storm,High
2024-03-16,Delhi,Clear,Medium
2024-03-16,Bangalore,Rain,Medium
2024-03-16,Hyderabad,Storm,Low
2024-03-16,Pune,Rain,Medium
2024-03-16,Chennai,Clear,Medium
2024-03-16,Kolkata,Clear,Low
2024-03-17,Mumbai,Storm,High
2024-03-17,Delhi,Storm,Medium
2024-03-17,Bangalore,Cloudy,Medium
2024-03-17,Hyderabad,Cloudy,High
2024-03-17,Pune,Storm,Low
2024-03-17,Chennai,Cloudy,Low
2024-03-17,Kolkata,Clear,Medium
2024-03-18,Mumbai,Cloudy,Low
2024-03-18,Delhi,Cloudy,Medium
2024-03-18,Bangalore,Cloudy,Medium
2024-03-18,Hyderabad,Clear,High
2024-03-18,Pune,Clear,High
2024-03-18,Chennai,Clear,Low
2024-03-18,Kolkata,Storm,High
2024-03-19,Mumbai,Cloudy,Medium
2024-03-19,Delhi,Clear,Medium
2024-03-19,Bangalore,Cloudy,Medium
2024-03-19,Hyderabad,Cloudy,High
2024-03-19,Pune,Storm,Medium
2024-03-19,Chennai,Cloudy,Medium
2024-03-19,Kolkata,Cloudy,Low
2024-03-20,Mumbai,Cloudy,High
2024-03-20,Delhi,Clear,Low
2024-03-20,Bangalore,Cloudy,Medium
2024-03-20,Hyderabad,Clear,Medium
2024-03-20,Pune,Clear,Medium
2024-03-20,Chennai,Cloudy,Low
2024-03-20,Kolkata,Storm,High
2024-03-21,Mumbai,Cloudy,Medium
2024-03-21,Delhi,Clear,Medium
2024-03-21,Bangalore,Rain,Low
2024-03-21,Hyderabad,Rain,Low
2024-03-21,Pune,Cloudy,Low
2024-03-21,Chennai,Storm,Medium
2024-03-21,Kolkata,Clear,High
2024-03-22,Mumbai,Storm,Low
2024-03-22,Delhi,Storm,Medium
2024-03-22,Bangalore,Clear,High
2024-03-22,Hyderabad,Rain,Low
2024-03-22,Pune,Cloudy,Low
2024-03-22,Chennai,Rain,Low
2024-03-22,Kolkata,Storm,High
2024-03-23,Mumbai,Clear,High
2024-03-23,Delhi,Rain,High
2024-03-23,Bangalore,Cloudy,Medium
2024-03-23,Hyderabad,Clear,High
2024-03-23,Pune,Storm,High
2024-03-23,Chennai,Storm,Medium
2024-03-23,Kolkata,Clear,High
2024-03-24,Mumbai,Cloudy,Medium
2024-03-24,Delhi,Rain,Low
2024-03-24,Bangalore,Rain,High
2024-03-24,Hyderabad,Rain,High
2024-03-24,Pune,Cloudy,Low
2024-03-24,Chennai,Clear,Medium
2024-03-24,Kolkata,Cloudy,Low
2024-03-25,Mumbai,Cloudy,Medium
2024-03-25,Delhi,Cloudy,Medium
2024-03-25,Bangalore,Cloudy,Low
2024-03-25,Hyderabad,Rain,High
2024-03-25,Pune,Cloudy,High
2024-03-25,Chennai,Cloudy,Medium
2024-03-25,Kolkata,Cloudy,Medium
2024-03-26,Mumbai,Cloudy,Low
2024-03-26,Delhi,Cloudy,Low
2024-03-26,Bangalore,Rain,Medium
2024-03-26,Hyderabad,Clear,Medium
2024-03-26,Pune,Rain,Medium
2024-03-26,Chennai,Rain,Low
2024-03-26,Kolkata,Cloudy,Low
2024-03-27,Mumbai,Rain,High
2024-03-27,Delhi,Clear,High
2024-03-27,Bangalore,Storm,High
2024-03-27,Hyderabad,Cloudy,Medium
2024-03-27,Pune,Storm,High
2024-03-27,Chennai,Storm,High
2024-03-27,Kolkata,Storm,Low
2024-03-28,Mumbai,Rain,High
2024-03-28,Delhi,Rain,High
2024-03-28,Bangalore,Rain,High
2024-03-28,Hyderabad,Cloudy,Low
2024-03-28,Pune,Storm,High
2024-03-28,Chennai,Rain,Low
2024-03-28,Kolkata,Clear,High
2024-03-29,Mumbai,Cloudy,High
2024-03-29,Delhi,Clear,Medium
2024-03-29,Bangalore,Cloudy,Low
2024-03-29,Hyderabad,Rain,Low
2024-03-29,Pune,Cloudy,Medium
2024-03-29,Chennai,Clear,Medium
2024-03-29,Kolkata,Storm,High
2024-03-30,Mumbai,Cloudy,Medium
2024-03-30,Delhi,Rain,Medium
2024-03-30,Bangalore,Clear,Low
2024-03-30,Hyderabad,Cloudy,Medium
2024-03-30,Pune,Storm,Low
2024-03-30,Chennai,Rain,High
2024-03-30,Kolkata,Rain,Low
2024-03-31,Mumbai,Cloudy,Medium
2024-03-31,Delhi,Clear,High
2024-03-31,Bangalore,Storm,Medium
2024-03-31,Hyderabad,Rain,Medium
2024-03-31,Pune,Rain,High
2024-03-31,Chennai,Cloudy,Low
2024-03-31,Kolkata,Cloudy,Low
2024-04-01,Mumbai,Rain,Low
2024-04-01,Delhi,Clear,Low
2024-04-01,Bangalore,Clear,Medium
2024-04-01,Hyderabad,Rain,High
2024-04-01,Pune,Clear,Low
2024-04-01,Chennai,Rain,Medium
2024-04-01,Kolkata,Rain,Low
2024-04-02,Mumbai,Rain,Low
2024-04-02,Delhi,Cloudy,Low
2024-04-02,Bangalore,Storm,Low
2024-04-02,Hyderabad,Cloudy,High
2024-04-02,Pune,Cloudy,Low
2024-04-02,Chennai,Storm,High
2024-04-02,Kolkata,Clear,High
2024-04-03,Mumbai,Clear,Low
2024-04-03,Delhi,Rain,Low
2024-04-03,Bangalore,Storm,Low
2024-04-03,Hyderabad,Clear,Medium
2024-04-03,Pune,Cloudy,Medium
2024-04-03,Chennai,Cloudy,High
2024-04-03,Kolkata,Rain,Medium
2024-04-04,Mumbai,Rain,High
2024-04-04,Delhi,Rain,Medium
2024-04-04,Bangalore,Rain,Low
2024-04-04,Hyderabad,Clear,High
2024-04-04,Pune,Rain,Medium
2024-04-04,Chennai,Rain,High
2024-04-04,Kolkata,Storm,Low
2024-04-05,Mumbai,Cloudy,Low
2024-04-05,Delhi,Cloudy,High
2024-04-05,Bangalore,Storm,Medium
2024-04-05,Hyderabad,Rain,Low
2024-04-05,Pune,Rain,Low
2024-04-05,Chennai,Cloudy,Medium
2024-04-05,Kolkata,Rain,Low
2024-04-06,Mumbai,Clear,Medium
2024-04-06,Delhi,Storm,Medium
2024-04-06,Bangalore,Clear,Medium
2024-04-06,Hyderabad,Storm,High
2024-04-06,Pune,Clear,Low
2024-04-06,Chennai,Storm,Medium
2024-04-06,Kolkata,Cloudy,High
2024-04-07,Mumbai,Storm,Low
2024-04-07,Delhi,Cloudy,High
2024-04-07,Bangalore,Cloudy,Low
2024-04-07,Hyderabad,Cloudy,Medium
2024-04-07,Pune,Cloudy,High
2024-04-07,Chennai,Clear,Low
2024-04-07,Kolkata,Clear,Low
2024-04-08,Mumbai,Rain,Low
2024-04-08,Delhi,Storm,Medium
2024-04-08,Bangalore,Cloudy,Low
2024-04-08,Hyderabad,Clear,High
2024-04-08,Pune,Rain,Medium
2024-04-08,Chennai,Clear,Medium
2024-04-08,Kolkata,Clear,Medium
2024-04-09,Mumbai,Rain,High
2024-04-09,Delhi,Clear,Medium
2024-04-09,Bangalore,Storm,Low
2024-04-09,Hyderabad,Rain,Low
2024-04-09,Pune,Storm,Low
2024-04-09,Chennai,Clear,High
2024-04-09,Kolkata,Clear,High
2024-04-10,Mumbai,Clear,High
2024-04-10,Delhi,Clear,Medium
2024-04-10,Bangalore,Storm,Low
2024-04-10,Hyderabad,Storm,High
2024-04-10,Pune,Storm,Low
2024-04-10,Chennai,Storm,Medium
2024-04-10,Kolkata,Cloudy,Low
2024-04-11,Mumbai,Storm,High
2024-04-11,Delhi,Cloudy,Medium
2024-04-11,Bangalore,Clear,Low
2024-04-11,Hyderabad,Cloudy,Low
2024-04-11,Pune,Storm,High
2024-04-11,Chennai,Storm,Medium
2024-04-11,Kolkata,Clear,High
2024-04-12,Mumbai,Clear,Medium
2024-04-12,Delhi,Storm,High
2024-04-12,Bangalore,Storm,Low
2024-04-12,Hyderabad,Clear,Low
2024-04-12,Pune,Storm,High
2024-04-12,Chennai,Clear,High
2024-04-12,Kolkata,Cloudy,Low
2024-04-13,Mumbai,Clear,High
2024-04-13,Delhi,Rain,Low
2024-04-13,Bangalore,Clear,Low
2024-04-13,Hyderabad,Storm,High
2024-04-13,Pune,Storm,Medium
2024-04-13,Chennai,Rain,Medium
2024-04-13,Kolkata,Storm,Low
2024-04-14,Mumbai,Rain,High
2024-04-14,Delhi,Clear,High
2024-04-14,Bangalore,Cloudy,Medium
2024-04-14,Hyderabad,Storm,High
2024-04-14,Pune,Clear,Medium
2024-04-14,Chennai,Rain,Medium
2024-04-14,Kolkata,Cloudy,High
2024-04-15,Mumbai,Storm,Low
2024-04-15,Delhi,Clear,High
2024-04-15,Bangalore,Storm,High
2024-04-15,Hyderabad,Cloudy,High
2024-04-15,Pune,Rain,Medium
2024-04-15,Chennai,Rain,High
2024-04-15,Kolkata,Rain,Medium
2024-04-16,Mumbai,Storm,Medium
2024-04-16,Delhi,Rain,High
2024-04-16,Bangalore,Rain,Medium
2024-04-16,Hyderabad,Storm,Low
2024-04-16,Pune,Rain,Medium
2024-04-16,Chennai,Cloudy,Low
2024-04-16,Kolkata,Clear,Medium
2024-04-17,Mumbai,Clear,Medium
2024-04-17,Delhi,Rain,Low
2024-04-17,Bangalore,Storm,Medium
2024-04-17,Hyderabad,Clear,Medium
2024-04-17,Pune,Cloudy,Low
2024-04-17,Chennai,Rain,Medium
2024-04-17,Kolkata,Clear,High
2024-04-18,Mumbai,Storm,Medium
2024-04-18,Delhi,Rain,Low
2024-04-18,Bangalore,Clear,Low
2024-04-18,Hyderabad,Rain,Low
2024-04-18,Pune,Storm,Low
2024-04-18,Chennai,Cloudy,High
2024-04-18,Kolkata,Storm,Low
2024-04-19,Mumbai,Clear,Medium
2024-04-19,Delhi,Clear,High
2024-04-19,Bangalore,Cloudy,High
2024-04-19,Hyderabad,Rain,High
2024-04-19,Pune,Rain,Medium
2024-04-19,Chennai,Rain,Low
2024-04-19,Kolkata,Storm,High
2024-04-20,Mumbai,Rain,Low
2024-04-20,Delhi,Rain,Low
2024-04-20,Bangalore,Rain,Medium
2024-04-20,Hyderabad,Storm,High
2024-04-20,Pune,Clear,High
2024-04-20,Chennai,Rain,High
2024-04-20,Kolkata,Storm,High
2024-04-21,Mumbai,Clear,High
2024-04-21,Delhi,Clear,Medium
2024-04-21,Bangalore,Storm,Medium
2024-04-21,Hyderabad,Rain,High
2024-04-21,Pune,Storm,Medium
2024-04-21,Chennai,Clear,High
2024-04-21,Kolkata,Clear,Low
2024-04-22,Mumbai,Cloudy,Low
2024-04-22,Delhi,Clear,High
2024-04-22,Bangalore,Rain,High
2024-04-22,Hyderabad,Cloudy,Low
2024-04-22,Pune,Rain,Low
2024-04-22,Chennai,Cloudy,Low
2024-04-22,Kolkata,Clear,High
2024-04-23,Mumbai,Clear,Medium
2024-04-23,Delhi,Clear,Low
2024-04-23,Bangalore,Clear,Low
2024-04-23,Hyderabad,Storm,Low
2024-04-23,Pune,Rain,Low
2024-04-23,Chennai,Clear,Medium
2024-04-23,Kolkata,Clear,Medium
2024-04-24,Mumbai,Rain,Medium
2024-04-24,Delhi,Storm,Low
2024-04-24,Bangalore,Rain,High
2024-04-24,Hyderabad,Storm,Medium
2024-04-24,Pune,Rain,High
2024-04-24,Chennai,Storm,Medium
2024-04-24,Kolkata,Storm,Low
2024-04-25,Mumbai,Clear,Low
2024-04-25,Delhi,Clear,Medium
2024-04-25,Bangalore,Storm,High
2024-04-25,Hyderabad,Storm,Medium
2024-04-25,Pune,Storm,Medium
2024-04-25,Chennai,Rain,High
2024-04-25,Kolkata,Storm,High
2024-04-26,Mumbai,Rain,Medium
2024-04-26,Delhi,Storm,High
2024-04-26,Bangalore,Rain,Medium
2024-04-26,Hyderabad,Rain,Low
2024-04-26,Pune,Rain,Low
2024-04-26,Chennai,Cloudy,Medium
2024-04-26,Kolkata,Rain,High
2024-04-27,Mumbai,Cloudy,High
2024-04-27,Delhi,Storm,High
2024-04-27,Bangalore,Storm,Low
2024-04-27,Hyderabad,Clear,Medium
2024-04-27,Pune,Clear,Medium
2024-04-27,Chennai,Cloudy,Medium
2024-04-27,Kolkata,Rain,High
2024-04-28,Mumbai,Cloudy,High
2024-04-28,Delhi,Rain,Low
2024-04-28,Bangalore,Clear,Medium
2024-04-28,Hyderabad,Rain,Medium
2024-04-28,Pune,Cloudy,Medium
2024-04-28,Chennai,Cloudy,Low
2024-04-28,Kolkata,Clear,Low
2024-04-29,Mumbai,Storm,Medium
2024-04-29,Delhi,Rain,Low
2024-04-29,Bangalore,Cloudy,High
2024-04-29,Hyderabad,Storm,Medium
2024-04-29,Pune,Clear,High
2024-04-29,Chennai,Cloudy,Low
2024-04-29,Kolkata,Clear,High
2024-04-30,Mumbai,Clear,High
2024-04-30,Delhi,Clear,Medium
2024-04-30,Bangalore,Cloudy,Medium
2024-04-30,Hyderabad,Clear,Low
2024-04-30,Pune,Rain,Medium
2024-04-30,Chennai,Cloudy,High
2024-04-30,Kolkata,Clear,High
2024-05-01,Mumbai,Clear,Low
2024-05-01,Delhi,Cloudy,High
2024-05-01,Bangalore,Clear,High
2024-05-01,Hyderabad,Clear,High
2024-05-01,Pune,Clear,High
2024-05-01,Chennai,Storm,High
2024-05-01,Kolkata,Clear,High
2024-05-02,Mumbai,Clear,High
2024-05-02,Delhi,Clear,Low
2024-05-02,Bangalore,Rain,High
2024-05-02,Hyderabad,Storm,Low
2024-05-02,Pune,Storm,Low
2024-05-02,Chennai,Rain,Medium
2024-05-02,Kolkata,Storm,Medium
2024-05-03,Mumbai,Storm,High
2024-05-03,Delhi,Storm,Medium
2024-05-03,Bangalore,Storm,High
2024-05-03,Hyderabad,Clear,High
2024-05-03,Pune,Cloudy,Low
2024-05-03,Chennai,Rain,High
2024-05-03,Kolkata,Storm,Low
2024-05-04,Mumbai,Rain,High
2024-05-04,Delhi,Storm,Low
2024-05-04,Bangalore,Cloudy,High
2024-05-04,Hyderabad,Cloudy,Medium
2024-05-04,Pune,Cloudy,Low
2024-05-04,Chennai,Cloudy,Medium
2024-05-04,Kolkata,Rain,High
2024-05-05,Mumbai,Clear,High
2024-05-05,Delhi,Rain,Low
2024-05-05,Bangalore,Storm,Low
2024-05-05,Hyderabad,Clear,Medium
2024-05-05,Pune,Clear,Medium
2024-05-05,Chennai,Storm,Low
2024-05-05,Kolkata,Storm,Low
2024-05-06,Mumbai,Cloudy,Medium
2024-05-06,Delhi,Rain,Low
2024-05-06,Bangalore,Storm,Medium
2024-05-06,Hyderabad,Rain,Low
2024-05-06,Pune,Storm,High
2024-05-06,Chennai,Clear,High
2024-05-06,Kolkata,Cloudy,Medium
2024-05-07,Mumbai,Cloudy,High
2024-05-07,Delhi,Storm,High
2024-05-07,Bangalore,Storm,High
2024-05-07,Hyderabad,Rain,Medium
2024-05-07,Pune,Cloudy,High
2024-05-07,Chennai,Clear,High
2024-05-07,Kolkata,Rain,Low
2024-05-08,Mumbai,Storm,Low
2024-05-08,Delhi,Storm,High
2024-05-08,Bangalore,Clear,Low
2024-05-08,Hyderabad,Rain,Medium
2024-05-08,Pune,Storm,High
2024-05-08,Chennai,Cloudy,High
2024-05-08,Kolkata,Rain,High
2024-05-09,Mumbai,Clear,Medium
2024-05-09,Delhi,Rain,Medium
2024-05-09,Bangalore,Rain,High
2024-05-09,Hyderabad,Cloudy,High
2024-05-09,Pune,Storm,High
2024-05-09,Chennai,Rain,Medium
2024-05-09,Kolkata,Clear,Low
2024-05-10,Mumbai,Storm,Low
2024-05-10,Delhi,Clear,Low
2024-05-10,Bangalore,Cloudy,Medium
2024-05-10,Hyderabad,Rain,High
2024-05-10,Pune,Cloudy,High
2024-05-10,Chennai,Rain,High
2024-05-10,Kolkata,Storm,Low
2024-05-11,Mumbai,Storm,Medium
2024-05-11,Delhi,Cloudy,Medium
2024-05-11,Bangalore,Clear,High
2024-05-11,Hyderabad,Rain,Low
2024-05-11,Pune,Clear,Low
2024-05-11,Chennai,Cloudy,Low
2024-05-11,Kolkata,Rain,Low
2024-05-12,Mumbai,Cloudy,Medium
2024-05-12,Delhi,Cloudy,Medium
2024-05-12,Bangalore,Clear,Medium
2024-05-12,Hyderabad,Storm,Low
2024-05-12,Pune,Clear,High
2024-05-12,Chennai,Rain,Low
2024-05-12,Kolkata,Storm,High
2024-05-13,Mumbai,Rain,High
2024-05-13,Delhi,Rain,High
2024-05-13,Bangalore,Cloudy,Low
2024-05-13,Hyderabad,Rain,Medium
2024-05-13,Pune,Rain,High
2024-05-13,Chennai,Storm,Medium
2024-05-13,Kolkata,Clear,Medium
2024-05-14,Mumbai,Rain,Medium
2024-05-14,Delhi,Storm,High
2024-05-14,Bangalore,Storm,Medium
2024-05-14,Hyderabad,Clear,High
2024-05-14,Pune,Storm,Medium
2024-05-14,Chennai,Rain,High
2024-05-14,Kolkata,Clear,High
2024-05-15,Mumbai,Clear,Low
2024-05-15,Delhi,Rain,High
2024-05-15,Bangalore,Storm,High
2024-05-15,Hyderabad,Clear,Low
2024-05-15,Pune,Rain,High
2024-05-15,Chennai,Clear,Low
2024-05-15,Kolkata,Clear,Low
2024-05-16,Mumbai,Cloudy,Medium
2024-05-16,Delhi,Clear,High
2024-05-16,Bangalore,Cloudy,Medium
2024-05-16,Hyderabad,Storm,High
2024-05-16,Pune,Storm,High
2024-05-16,Chennai,Cloudy,Medium
2024-05-16,Kolkata,Storm,High
2024-05-17,Mumbai,Cloudy,High
2024-05-17,Delhi,Rain,Medium
2024-05-17,Bangalore,Storm,Medium
2024-05-17,Hyderabad,Storm,Low
2024-05-17,Pune,Clear,Low
2024-05-17,Chennai,Cloudy,Low
2024-05-17,Kolkata,Clear,Low
2024-05-18,Mumbai,Cloudy,High
2024-05-18,Delhi,Storm,Medium
2024-05-18,Bangalore,Storm,Low
2024-05-18,Hyderabad,Storm,High
2024-05-18,Pune,Storm,Low
2024-05-18,Chennai,Storm,High
2024-05-18,Kolkata,Rain,High
2024-05-19,Mumbai,Rain,Medium
2024-05-19,Delhi,Storm,Low
2024-05-19,Bangalore,Clear,High
2024-05-19,Hyderabad,Rain,High
2024-05-19,Pune,Cloudy,Low
2024-05-19,Chennai,Cloudy,Medium
2024-05-19,Kolkata,Cloudy,Medium
2024-05-20,Mumbai,Rain,Low
2024-05-20,Delhi,Clear,Low
2024-05-20,Bangalore,Storm,Medium
2024-05-20,Hyderabad,Storm,High
2024-05-20,Pune,Storm,Low
2024-05-20,Chennai,Clear,Medium
2024-05-20,Kolkata,Storm,Medium
2024-05-21,Mumbai,Cloudy,Medium
2024-05-21,Delhi,Storm,Medium
2024-05-21,Bangalore,Rain,High
2024-05-21,Hyderabad,Cloudy,Medium
2024-05-21,Pune,Rain,High
2024-05-21,Chennai,Cloudy,Low
2024-05-21,Kolkata,Clear,Medium
2024-05-22,Mumbai,Cloudy,Low
2024-05-22,Delhi,Cloudy,Medium
2024-05-22,Bangalore,Clear,Low
2024-05-22,Hyderabad,Clear,High
2024-05-22,Pune,Storm,High
2024-05-22,Chennai,Clear,Low
2024-05-22,Kolkata,Cloudy,High
2024-05-23,Mumbai,Cloudy,High
2024-05-23,Delhi,Cloudy,High
2024-05-23,Bangalore,Storm,High
2024-05-23,Hyderabad,Cloudy,Low
2024-05-23,Pune,Storm,Medium
2024-05-23,Chennai,Rain,High
2024-05-23,Kolkata,Storm,High
2024-05-24,Mumbai,Rain,High
2024-05-24,Delhi,Cloudy,High
2024-05-24,Bangalore,Cloudy,Medium
2024-05-24,Hyderabad,Clear,Low
2024-05-24,Pune,Storm,Low
2024-05-24,Chennai,Clear,Low
2024-05-24,Kolkata,Clear,High
2024-05-25,Mumbai,Storm,High
2024-05-25,Delhi,Clear,High
2024-05-25,Bangalore,Clear,High
2024-05-25,Hyderabad,Storm,Low
2024-05-25,Pune,Rain,Low
2024-05-25,Chennai,Storm,High
2024-05-25,Kolkata,Storm,Low
2024-05-26,Mumbai,Rain,High
2024-05-26,Delhi,Clear,Low
2024-05-26,Bangalore,Cloudy,Medium
2024-05-26,Hyderabad,Clear,Low
2024-05-26,Pune,Cloudy,Medium
2024-05-26,Chennai,Clear,Medium
2024-05-26,Kolkata,Storm,Low
2024-05-27,Mumbai,Rain,High
2024-05-27,Delhi,Storm,Medium
2024-05-27,Bangalore,Clear,Medium
2024-05-27,Hyderabad,Storm,Low
2024-05-27,Pune,Clear,Medium
2024-05-27,Chennai,Cloudy,Low
2024-05-27,Kolkata,Cloudy,Low
2024-05-28,Mumbai,Rain,Medium
2024-05-28,Delhi,Rain,Low
2024-05-28,Bangalore,Cloudy,Low
2024-05-28,Hyderabad,Storm,Medium
2024-05-28,Pune,Clear,Medium
2024-05-28,Chennai,Storm,Medium
2024-05-28,Kolkata,Storm,High
2024-05-29,Mumbai,Rain,Low
2024-05-29,Delhi,Cloudy,Medium
2024-05-29,Bangalore,Clear,Medium
2024-05-29,Hyderabad,Storm,High
2024-05-29,Pune,Rain,High
2024-05-29,Chennai,Storm,Medium
2024-05-29,Kolkata,Cloudy,Medium
2024-05-30,Mumbai,Rain,Medium
2024-05-30,Delhi,Storm,Low
2024-05-30,Bangalore,Cloudy,Low
2024-05-30,Hyderabad,Rain,Medium
2024-05-30,Pune,Cloudy,Low
2024-05-30,Chennai,Clear,High
2024-05-30,Kolkata,Rain,High
2024-05-31,Mumbai,Rain,Medium
2024-05-31,Delhi,Rain,Low
2024-05-31,Bangalore,Rain,Medium
2024-05-31,Hyderabad,Storm,High
2024-05-31,Pune,Storm,Low
2024-05-31,Chennai,Clear,Low
2024-05-31,Kolkata,Clear,High
2024-06-01,Mumbai,Rain,Low
2024-06-01,Delhi,Storm,Medium
2024-06-01,Bangalore,Rain,Medium
2024-06-01,Hyderabad,Clear,Medium
2024-06-01,Pune,Cloudy,High
2024-06-01,Chennai,Rain,Low
2024-06-01,Kolkata,Storm,High
2024-06-02,Mumbai,Clear,High
2024-06-02,Delhi,Rain,High
2024-06-02,Bangalore,Rain,Medium
2024-06-02,Hyderabad,Clear,High
2024-06-02,Pune,Cloudy,Low
2024-06-02,Chennai,Rain,Low
2024-06-02,Kolkata,Storm,Low
2024-06-03,Mumbai,Clear,Low
2024-06-03,Delhi,Cloudy,Medium
2024-06-03,Bangalore,Storm,Low
2024-06-03,Hyderabad,Clear,High
2024-06-03,Pune,Cloudy,Medium
2024-06-03,Chennai,Rain,Medium
2024-06-03,Kolkata,Cloudy,Medium
2024-06-04,Mumbai,Storm,Low
2024-06-04,Delhi,Storm,Low
2024-06-04,Bangalore,Rain,High
2024-06-04,Hyderabad,Clear,Low
2024-06-04,Pune,Clear,Medium
2024-06-04,Chennai,Cloudy,High
2024-06-04,Kolkata,Rain,Low
2024-06-05,Mumbai,Rain,High
2024-06-05,Delhi,Cloudy,Low
2024-06-05,Bangalore,Storm,Low
2024-06-05,Hyderabad,Clear,Low
2024-06-05,Pune,Rain,High
2024-06-05,Chennai,Clear,High
2024-06-05,Kolkata,Clear,Medium
2024-06-06,Mumbai,Rain,High
2024-06-06,Delhi,Clear,High
2024-06-06,Bangalore,Clear,High
2024-06-06,Hyderabad,Clear,Medium
2024-06-06,Pune,Clear,High
2024-06-06,Chennai,Rain,Low
2024-06-06,Kolkata,Cloudy,Low
2024-06-07,Mumbai,Clear,Medium
2024-06-07,Delhi,Clear,Low
2024-06-07,Bangalore,Clear,Medium
2024-06-07,Hyderabad,Clear,Low
2024-06-07,Pune,Storm,Low
2024-06-07,Chennai,Rain,High
2024-06-07,Kolkata,Cloudy,Medium
2024-06-08,Mumbai,Clear,High
2024-06-08,Delhi,Storm,Medium
2024-06-08,Bangalore,Cloudy,High
2024-06-08,Hyderabad,Clear,Medium
2024-06-08,Pune,Rain,Low
2024-06-08,Chennai,Cloudy,Medium
2024-06-08,Kolkata,Storm,High
2024-06-09,Mumbai,Storm,Low
2024-06-09,Delhi,Rain,Low
2024-06-09,Bangalore,Clear,High
2024-06-09,Hyderabad,Rain,Low
2024-06-09,Pune,Rain,High
2024-06-09,Chennai,Cloudy,High
2024-06-09,Kolkata,Storm,High
2024-06-10,Mumbai,Rain,Medium
2024-06-10,Delhi,Rain,High
2024-06-10,Bangalore,Cloudy,Medium
2024-06-10,Hyderabad,Rain,Low
2024-06-10,Pune,Rain,Medium
2024-06-10,Chennai,Rain,High
2024-06-10,Kolkata,Storm,High
2024-06-11,Mumbai,Cloudy,Medium
2024-06-11,Delhi,Rain,Medium
2024-06-11,Bangalore,Cloudy,High
2024-06-11,Hyderabad,Clear,Low
2024-06-11,Pune,Clear,High
2024-06-11,Chennai,Storm,Low
2024-06-11,Kolkata,Cloudy,Medium
2024-06-12,Mumbai,Storm,Medium
2024-06-12,Delhi,Rain,High
2024-06-12,Bangalore,Clear,High
2024-06-12,Hyderabad,Cloudy,Low
2024-06-12,Pune,Rain,High
2024-06-12,Chennai,Clear,High
2024-06-12,Kolkata,Clear,High
2024-06-13,Mumbai,Storm,Low
2024-06-13,Delhi,Rain,Low
2024-06-13,Bangalore,Cloudy,Low
2024-06-13,Hyderabad,Rain,Low
2024-06-13,Pune,Cloudy,Medium
2024-06-13,Chennai,Storm,High
2024-06-13,Kolkata,Clear,High
2024-06-14,Mumbai,Storm,Medium
2024-06-14,Delhi,Rain,Medium
2024-06-14,Bangalore,Cloudy,Low
2024-06-14,Hyderabad,Clear,Low
2024-06-14,Pune,Rain,Low
2024-06-14,Chennai,Rain,High
2024-06-14,Kolkata,Storm,High
2024-06-15,Mumbai,Cloudy,Low
2024-06-15,Delhi,Cloudy,High
2024-06-15,Bangalore,Clear,Low
2024-06-15,Hyderabad,Rain,Low
2024-06-15,Pune,Rain,Medium
2024-06-15,Chennai,Cloudy,High
2024-06-15,Kolkata,Cloudy,High
2024-06-16,Mumbai,Rain,Medium
2024-06-16,Delhi,Cloudy,High
2024-06-16,Bangalore,Storm,Low
2024-06-16,Hyderabad,Clear,High
2024-06-16,Pune,Storm,High
2024-06-16,Chennai,Clear,High
2024-06-16,Kolkata,Clear,High
2024-06-17,Mumbai,Rain,High
2024-06-17,Delhi,Clear,Low
2024-06-17,Bangalore,Storm,Medium
2024-06-17,Hyderabad,Cloudy,Medium
2024-06-17,Pune,Clear,Low
2024-06-17,Chennai,Clear,Medium
2024-06-17,Kolkata,Cloudy,High
2024-06-18,Mumbai,Rain,Medium
2024-06-18,Delhi,Cloudy,High
2024-06-18,Bangalore,Storm,Medium
2024-06-18,Hyderabad,Cloudy,High
2024-06-18,Pune,Clear,Low
2024-06-18,Chennai,Cloudy,High
2024-06-18,Kolkata,Storm,Low
2024-06-19,Mumbai,Clear,High
2024-06-19,Delhi,Clear,High
2024-06-19,Bangalore,Clear,Medium
2024-06-19,Hyderabad,Rain,High
2024-06-19,Pune,Clear,High
2024-06-19,Chennai,Cloudy,Medium
2024-06-19,Kolkata,Cloudy,Medium
2024-06-20,Mumbai,Cloudy,Low
2024-06-20,Delhi,Clear,Medium
2024-06-20,Bangalore,Clear,Low
2024-06-20,Hyderabad,Rain,Medium
2024-06-20,Pune,Rain,High
2024-06-20,Chennai,Rain,High
2024-06-20,Kolkata,Storm,High
2024-06-21,Mumbai,Cloudy,Low
2024-06-21,Delhi,Rain,High
2024-06-21,Bangalore,Clear,Medium
2024-06-21,Hyderabad,Storm,Low
2024-06-21,Pune,Storm,High
2024-06-21,Chennai,Clear,High
2024-06-21,Kolkata,Clear,Low
2024-06-22,Mumbai,Rain,Low
2024-06-22,Delhi,Storm,Medium
2024-06-22,Bangalore,Cloudy,Low
2024-06-22,Hyderabad,Storm,Medium
2024-06-22,Pune,Storm,High
2024-06-22,Chennai,Clear,High
2024-06-22,Kolkata,Cloudy,High
2024-06-23,Mumbai,Clear,High
2024-06-23,Delhi,Cloudy,Medium
2024-06-23,Bangalore,Rain,Medium
2024-06-23,Hyderabad,Cloudy,Low
2024-06-23,Pune,Clear,High
2024-06-23,Chennai,Storm,Medium
2024-06-23,Kolkata,Rain,Low
2024-06-24,Mumbai,Clear,Medium
2024-06-24,Delhi,Clear,Medium
2024-06-24,Bangalore,Storm,Medium
2024-06-24,Hyderabad,Cloudy,High
2024-06-24,Pune,Rain,Low
2024-06-24,Chennai,Rain,Low
2024-06-24,Kolkata,Storm,Medium
2024-06-25,Mumbai,Rain,Low
2024-06-25,Delhi,Cloudy,Medium
2024-06-25,Bangalore,Storm,Medium
2024-06-25,Hyderabad,Clear,Medium
2024-06-25,Pune,Rain,Medium
2024-06-25,Chennai,Storm,Medium
2024-06-25,Kolkata,Rain,Medium
2024-06-26,Mumbai,Cloudy,Medium
2024-06-26,Delhi,Cloudy,Medium
2024-06-26,Bangalore,Rain,Low
2024-06-26,Hyderabad,Clear,Low
2024-06-26,Pune,Clear,Medium
2024-06-26,Chennai,Rain,Medium
2024-06-26,Kolkata,Cloudy,Medium
2024-06-27,Mumbai,Cloudy,Low
2024-06-27,Delhi,Clear,Low
2024-06-27,Bangalore,Storm,Low
2024-06-27,Hyderabad,Storm,Low
2024-06-27,Pune,Clear,Medium
2024-06-27,Chennai,Cloudy,High
2024-06-27,Kolkata,Storm,Medium
2024-06-28,Mumbai,Clear,High
2024-06-28,Delhi,Storm,High
2024-06-28,Bangalore,Clear,Low
2024-06-28,Hyderabad,Cloudy,Low
2024-06-28,Pune,Clear,Medium
2024-06-28,Chennai,Rain,Medium
2024-06-28,Kolkata,Cloudy,Low
2024-06-29,Mumbai,Storm,Low
2024-06-29,Delhi,Clear,High
2024-06-29,Bangalore,Cloudy,Medium
2024-06-29,Hyderabad,Rain,Medium
2024-06-29,Pune,Rain,Medium
2024-06-29,Chennai,Cloudy,Medium
2024-06-29,Kolkata,Clear,Medium
2024-06-30,Mumbai,Cloudy,High
2024-06-30,Delhi,Rain,High
2024-06-30,Bangalore,Cloudy,High
2024-06-30,Hyderabad,Storm,High
2024-06-30,Pune,Storm,Medium
2024-06-30,Chennai,Cloudy,High
2024-06-30,Kolkata,Clear,High
2024-07-01,Mumbai,Cloudy,Medium
2024-07-01,Delhi,Clear,Medium
2024-07-01,Bangalore,Storm,Low
2024-07-01,Hyderabad,Rain,High
2024-07-01,Pune,Rain,Medium
2024-07-01,Chennai,Rain,Low
2024-07-01,Kolkata,Storm,Medium
2024-07-02,Mumbai,Rain,High
2024-07-02,Delhi,Cloudy,Medium
2024-07-02,Bangalore,Rain,High
2024-07-02,Hyderabad,Storm,Low
2024-07-02,Pune,Cloudy,Medium
2024-07-02,Chennai,Clear,Low
2024-07-02,Kolkata,Cloudy,High
2024-07-03,Mumbai,Clear,Medium
2024-07-03,Delhi,Clear,Medium
2024-07-03,Bangalore,Rain,Low
2024-07-03,Hyderabad,Rain,High
2024-07-03,Pune,Storm,Low
2024-07-03,Chennai,Clear,Medium
2024-07-03,Kolkata,Rain,High
2024-07-04,Mumbai,Cloudy,Medium
2024-07-04,Delhi,Rain,Low
2024-07-04,Bangalore,Rain,Medium
2024-07-04,Hyderabad,Cloudy,Medium
2024-07-04,Pune,Cloudy,High
2024-07-04,Chennai,Rain,High
2024-07-04,Kolkata,Rain,High
2024-07-05,Mumbai,Rain,High
2024-07-05,Delhi,Rain,Low
2024-07-05,Bangalore,Rain,Medium
2024-07-05,Hyderabad,Storm,Medium
2024-07-05,Pune,Cloudy,Medium
2024-07-05,Chennai,Rain,High
2024-07-05,Kolkata,Rain,High
2024-07-06,Mumbai,Storm,High
2024-07-06,Delhi,Clear,Medium
2024-07-06,Bangalore,Cloudy,Low
2024-07-06,Hyderabad,Rain,High
2024-07-06,Pune,Storm,High
2024-07-06,Chennai,Storm,High
2024-07-06,Kolkata,Rain,Medium
2024-07-07,Mumbai,Clear,Medium
2024-07-07,Delhi,Rain,Low
2024-07-07,Bangalore,Rain,Medium
2024-07-07,Hyderabad,Rain,Medium
2024-07-07,Pune,Cloudy,High
2024-07-07,Chennai,Storm,Medium
2024-07-07,Kolkata,Rain,High
2024-07-08,Mumbai,Cloudy,Low
2024-07-08,Delhi,Clear,Low
2024-07-08,Bangalore,Rain,Medium
2024-07-08,Hyderabad,Storm,Low
2024-07-08,Pune,Rain,High
2024-07-08,Chennai,Rain,High
2024-07-08,Kolkata,Cloudy,Medium
2024-07-09,Mumbai,Storm,Low
2024-07-09,Delhi,Storm,High
2024-07-09,Bangalore,Clear,Medium
2024-07-09,Hyderabad,Cloudy,Low
2024-07-09,Pune,Rain,Low
2024-07-09,Chennai,Clear,Low
2024-07-09,Kolkata,Clear,High
2024-07-10,Mumbai,Clear,Low
2024-07-10,Delhi,Clear,High
2024-07-10,Bangalore,Storm,Medium
2024-07-10,Hyderabad,Clear,High
2024-07-10,Pune,Rain,Medium
2024-07-10,Chennai,Cloudy,Medium
2024-07-10,Kolkata,Rain,Low
2024-07-11,Mumbai,Storm,Medium
2024-07-11,Delhi,Cloudy,Medium
2024-07-11,Bangalore,Rain,High
2024-07-11,Hyderabad,Storm,Medium
2024-07-11,Pune,Clear,High
2024-07-11,Chennai,Storm,High
2024-07-11,Kolkata,Rain,High
2024-07-12,Mumbai,Rain,Low
2024-07-12,Delhi,Rain,Low
2024-07-12,Bangalore,Storm,Medium
2024-07-12,Hyderabad,Cloudy,Medium
2024-07-12,Pune,Clear,Low
2024-07-12,Chennai,Rain,Medium
2024-07-12,Kolkata,Clear,High
2024-07-13,Mumbai,Rain,Medium
2024-07-13,Delhi,Rain,Medium
2024-07-13,Bangalore,Storm,Low
2024-07-13,Hyderabad,Storm,High
2024-07-13,Pune,Rain,Medium
2024-07-13,Chennai,Cloudy,High
2024-07-13,Kolkata,Clear,High
2024-07-14,Mumbai,Storm,Medium
2024-07-14,Delhi,Cloudy,Low
2024-07-14,Bangalore,Storm,Low
2024-07-14,Hyderabad,Clear,Low
2024-07-14,Pune,Storm,Low
2024-07-14,Chennai,Storm,Low
2024-07-14,Kolkata,Rain,Medium
2024-07-15,Mumbai,Clear,Low
2024-07-15,Delhi,Cloudy,High
2024-07-15,Bangalore,Storm,Medium
2024-07-15,Hyderabad,Storm,Medium
2024-07-15,Pune,Rain,High
2024-07-15,Chennai,Storm,High
2024-07-15,Kolkata,Clear,High
2024-07-16,Mumbai,Cloudy,Medium
2024-07-16,Delhi,Clear,High
2024-07-16,Bangalore,Storm,High
2024-07-16,Hyderabad,Cloudy,Medium
2024-07-16,Pune,Rain,Low
2024-07-16,Chennai,Clear,Medium
2024-07-16,Kolkata,Cloudy,High
2024-07-17,Mumbai,Storm,Medium
2024-07-17,Delhi,Rain,High
2024-07-17,Bangalore,Clear,Medium
2024-07-17,Hyderabad,Rain,Medium
2024-07-17,Pune,Storm,Medium
2024-07-17,Chennai,Cloudy,Medium
2024-07-17,Kolkata,Cloudy,High
2024-07-18,Mumbai,Cloudy,Low
2024-07-18,Delhi,Cloudy,Medium
2024-07-18,Bangalore,Storm,Medium
2024-07-18,Hyderabad,Clear,High
2024-07-18,Pune,Clear,Low
2024-07-18,Chennai,Rain,Low
2024-07-18,Kolkata,Storm,Medium
2024-07-19,Mumbai,Rain,Low
2024-07-19,Delhi,Storm,Low
2024-07-19,Bangalore,Rain,Medium
2024-07-19,Hyderabad,Cloudy,Low
2024-07-19,Pune,Cloudy,Low
2024-07-19,Chennai,Cloudy,Medium
2024-07-19,Kolkata,Clear,Medium
2024-07-20,Mumbai,Storm,Medium
2024-07-20,Delhi,Clear,Low
2024-07-20,Bangalore,Cloudy,High
2024-07-20,Hyderabad,Clear,High
2024-07-20,Pune,Rain,Medium
2024-07-20,Chennai,Cloudy,High
2024-07-20,Kolkata,Storm,Low
2024-07-21,Mumbai,Cloudy,Low
2024-07-21,Delhi,Rain,Low
2024-07-21,Bangalore,Clear,High
2024-07-21,Hyderabad,Cloudy,High
2024-07-21,Pune,Cloudy,Low
2024-07-21,Chennai,Cloudy,Medium
2024-07-21,Kolkata,Rain,Low
2024-07-22,Mumbai,Cloudy,High
2024-07-22,Delhi,Rain,High
2024-07-22,Bangalore,Clear,High
2024-07-22,Hyderabad,Storm,High
2024-07-22,Pune,Storm,Medium
2024-07-22,Chennai,Clear,Low
2024-07-22,Kolkata,Storm,Low
2024-07-23,Mumbai,Clear,Low
2024-07-23,Delhi,Rain,High
2024-07-23,Bangalore,Rain,Medium
2024-07-23,Hyderabad,Cloudy,Medium
2024-07-23,Pune,Cloudy,Low
2024-07-23,Chennai,Clear,Medium
2024-07-23,Kolkata,Cloudy,High
2024-07-24,Mumbai,Clear,High
2024-07-24,Delhi,Storm,High
2024-07-24,Bangalore,Cloudy,High
2024-07-24,Hyderabad,Rain,Low
2024-07-24,Pune,Clear,Medium
2024-07-24,Chennai,Clear,High
2024-07-24,Kolkata,Cloudy,High
2024-07-25,Mumbai,Rain,Medium
2024-07-25,Delhi,Rain,High
2024-07-25,Bangalore,Clear,Medium
2024-07-25,Hyderabad,Storm,Low
2024-07-25,Pune,Storm,Medium
2024-07-25,Chennai,Rain,Low
2024-07-25,Kolkata,Cloudy,High
2024-07-26,Mumbai,Cloudy,Low
2024-07-26,Delhi,Storm,Medium
2024-07-26,Bangalore,Clear,High
2024-07-26,Hyderabad,Clear,High
2024-07-26,Pune,Storm,Low
2024-07-26,Chennai,Cloudy,Low
2024-07-26,Kolkata,Rain,High
2024-07-27,Mumbai,Clear,Medium
2024-07-27,Delhi,Storm,High
2024-07-27,Bangalore,Cloudy,Low
2024-07-27,Hyderabad,Clear,Medium
2024-07-27,Pune,Cloudy,Low
2024-07-27,Chennai,Rain,High
2024-07-27,Kolkata,Cloudy,Low
2024-07-28,Mumbai,Clear,Low
2024-07-28,Delhi,Cloudy,High
2024-07-28,Bangalore,Cloudy,Low
2024-07-28,Hyderabad,Rain,Medium
2024-07-28,Pune,Clear,High
2024-07-28,Chennai,Clear,Low
2024-07-28,Kolkata,Rain,Medium
2024-07-29,Mumbai,Storm,High
2024-07-29,Delhi,Cloudy,Low
2024-07-29,Bangalore,Cloudy,Medium
2024-07-29,Hyderabad,Clear,Medium
2024-07-29,Pune,Cloudy,Low
2024-07-29,Chennai,Rain,High
2024-07-29,Kolkata,Rain,High
2024-07-30,Mumbai,Rain,Medium
2024-07-30,Delhi,Storm,Medium
2024-07-30,Bangalore,Rain,High
2024-07-30,Hyderabad,Clear,Medium
2024-07-30,Pune,Storm,Medium
2024-07-30,Chennai,Storm,High
2024-07-30,Kolkata,Storm,Medium
2024-07-31,Mumbai,Rain,High
2024-07-31,Delhi,Clear,Low
2024-07-31,Bangalore,Clear,High
2024-07-31,Hyderabad,Rain,Low
2024-07-31,Pune,Cloudy,Medium
2024-07-31,Chennai,Clear,Low
2024-07-31,Kolkata,Rain,Medium
2024-08-01,Mumbai,Storm,Medium
2024-08-01,Delhi,Rain,High
2024-08-01,Bangalore,Cloudy,Medium
2024-08-01,Hyderabad,Clear,High
2024-08-01,Pune,Clear,Low
2024-08-01,Chennai,Cloudy,High
2024-08-01,Kolkata,Cloudy,Low
2024-08-02,Mumbai,Rain,Medium
2024-08-02,Delhi,Storm,Low
2024-08-02,Bangalore,Cloudy,High
2024-08-02,Hyderabad,Storm,Medium
2024-08-02,Pune,Rain,Medium
2024-08-02,Chennai,Clear,Medium
2024-08-02,Kolkata,Storm,High
2024-08-03,Mumbai,Storm,Low
2024-08-03,Delhi,Storm,Medium
2024-08-03,Bangalore,Clear,High
2024-08-03,Hyderabad,Rain,High
2024-08-03,Pune,Rain,Low
2024-08-03,Chennai,Cloudy,High
2024-08-03,Kolkata,Rain,Medium
2024-08-04,Mumbai,Cloudy,High
2024-08-04,Delhi,Storm,High
2024-08-04,Bangalore,Clear,High
2024-08-04,Hyderabad,Cloudy,Low
2024-08-04,Pune,Rain,Low
2024-08-04,Chennai,Cloudy,Low
2024-08-04,Kolkata,Clear,Medium
2024-08-05,Mumbai,Clear,Medium
2024-08-05,Delhi,Clear,Low
2024-08-05,Bangalore,Clear,High
2024-08-05,Hyderabad,Cloudy,Low
2024-08-05,Pune,Rain,High
2024-08-05,Chennai,Rain,High
2024-08-05,Kolkata,Rain,Low
2024-08-06,Mumbai,Storm,Medium
2024-08-06,Delhi,Rain,Medium
2024-08-06,Bangalore,Clear,Medium
2024-08-06,Hyderabad,Storm,Low
2024-08-06,Pune,Cloudy,Low
2024-08-06,Chennai,Clear,Low
2024-08-06,Kolkata,Clear,High
2024-08-07,Mumbai,Clear,High
2024-08-07,Delhi,Rain,Medium
2024-08-07,Bangalore,Rain,High
2024-08-07,Hyderabad,Storm,Medium
2024-08-07,Pune,Storm,High
2024-08-07,Chennai,Cloudy,High
2024-08-07,Kolkata,Storm,Medium
2024-08-08,Mumbai,Rain,Low
2024-08-08,Delhi,Cloudy,High
2024-08-08,Bangalore,Clear,High
2024-08-08,Hyderabad,Clear,Medium
2024-08-08,Pune,Cloudy,High
2024-08-08,Chennai,Cloudy,Medium
2024-08-08,Kolkata,Clear,High
2024-08-09,Mumbai,Cloudy,High
2024-08-09,Delhi,Rain,Low
2024-08-09,Bangalore,Cloudy,High
2024-08-09,Hyderabad,Clear,Medium
2024-08-09,Pune,Clear,Medium
2024-08-09,Chennai,Cloudy,Medium
2024-08-09,Kolkata,Cloudy,Medium
2024-08-10,Mumbai,Cloudy,Low
2024-08-10,Delhi,Clear,Low
2024-08-10,Bangalore,Storm,Medium
2024-08-10,Hyderabad,Storm,High
2024-08-10,Pune,Rain,Low
2024-08-10,Chennai,Storm,Low
2024-08-10,Kolkata,Clear,High
2024-08-11,Mumbai,Cloudy,Low
2024-08-11,Delhi,Clear,Low
2024-08-11,Bangalore,Storm,Low
2024-08-11,Hyderabad,Clear,Medium
2024-08-11,Pune,Cloudy,Low
2024-08-11,Chennai,Cloudy,High
2024-08-11,Kolkata,Clear,High
2024-08-12,Mumbai,Storm,Medium
2024-08-12,Delhi,Storm,High
2024-08-12,Bangalore,Cloudy,Low
2024-08-12,Hyderabad,Storm,High
2024-08-12,Pune,Storm,High
2024-08-12,Chennai,Cloudy,Medium
2024-08-12,Kolkata,Storm,Medium
2024-08-13,Mumbai,Storm,High
2024-08-13,Delhi,Storm,Medium
2024-08-13,Bangalore,Cloudy,High
2024-08-13,Hyderabad,Clear,High
2024-08-13,Pune,Clear,High
2024-08-13,Chennai,Rain,Low
2024-08-13,Kolkata,Rain,Medium
2024-08-14,Mumbai,Storm,Medium
2024-08-14,Delhi,Cloudy,High
2024-08-14,Bangalore,Clear,Low
2024-08-14,Hyderabad,Clear,Low
2024-08-14,Pune,Cloudy,Medium
2024-08-14,Chennai,Storm,High
2024-08-14,Kolkata,Storm,Medium
2024-08-15,Mumbai,Storm,Low
2024-08-15,Delhi,Clear,Medium
2024-08-15,Bangalore,Cloudy,Medium
2024-08-15,Hyderabad,Clear,Medium
2024-08-15,Pune,Rain,Medium
2024-08-15,Chennai,Rain,Medium
2024-08-15,Kolkata,Cloudy,Medium
2024-08-16,Mumbai,Rain,Low
2024-08-16,Delhi,Rain,Medium
2024-08-16,Bangalore,Cloudy,Medium
2024-08-16,Hyderabad,Rain,Medium
2024-08-16,Pune,Storm,Medium
2024-08-16,Chennai,Rain,High
2024-08-16,Kolkata,Clear,High
2024-08-17,Mumbai,Clear,Medium
2024-08-17,Delhi,Rain,Low
2024-08-17,Bangalore,Rain,High
2024-08-17,Hyderabad,Storm,Low
2024-08-17,Pune,Clear,Medium
2024-08-17,Chennai,Rain,High
2024-08-17,Kolkata,Rain,Medium
2024-08-18,Mumbai,Rain,Low
2024-08-18,Delhi,Cloudy,Medium
2024-08-18,Bangalore,Cloudy,Medium
2024-08-18,Hyderabad,Clear,Low
2024-08-18,Pune,Storm,Low
2024-08-18,Chennai,Rain,High
2024-08-18,Kolkata,Storm,High
2024-08-19,Mumbai,Storm,Low
2024-08-19,Delhi,Cloudy,High
2024-08-19,Bangalore,Rain,High
2024-08-19,Hyderabad,Rain,Low
2024-08-19,Pune,Clear,Low
2024-08-19,Chennai,Storm,High
2024-08-19,Kolkata,Rain,Low
2024-08-20,Mumbai,Rain,Medium
2024-08-20,Delhi,Clear,Low
2024-08-20,Bangalore,Storm,Low
2024-08-20,Hyderabad,Storm,Low
2024-08-20,Pune,Clear,Medium
2024-08-20,Chennai,Storm,High
2024-08-20,Kolkata,Storm,Medium
2024-08-21,Mumbai,Rain,Low
2024-08-21,Delhi,Clear,Low
2024-08-21,Bangalore,Clear,High
2024-08-21,Hyderabad,Rain,Low
2024-08-21,Pune,Storm,Low
2024-08-21,Chennai,Rain,High
2024-08-21,Kolkata,Clear,High
2024-08-22,Mumbai,Cloudy,Medium
2024-08-22,Delhi,Clear,Medium
2024-08-22,Bangalore,Clear,Low
2024-08-22,Hyderabad,Storm,Medium
2024-08-22,Pune,Storm,Low
2024-08-22,Chennai,Storm,High
2024-08-22,Kolkata,Rain,Medium
2024-08-23,Mumbai,Clear,Medium
2024-08-23,Delhi,Storm,Low
2024-08-23,Bangalore,Clear,Medium
2024-08-23,Hyderabad,Rain,Low
2024-08-23,Pune,Clear,High
2024-08-23,Chennai,Storm,Medium
2024-08-23,Kolkata,Clear,Medium
2024-08-24,Mumbai,Cloudy,Medium
2024-08-24,Delhi,Clear,Medium
2024-08-24,Bangalore,Cloudy,High
2024-08-24,Hyderabad,Clear,Low
2024-08-24,Pune,Rain,Low
2024-08-24,Chennai,Storm,Low
2024-08-24,Kolkata,Storm,High
2024-08-25,Mumbai,Clear,Medium
2024-08-25,Delhi,Storm,Low
2024-08-25,Bangalore,Rain,Medium
2024-08-25,Hyderabad,Rain,Medium
2024-08-25,Pune,Clear,Medium
2024-08-25,Chennai,Rain,High
2024-08-25,Kolkata,Cloudy,Medium
2024-08-26,Mumbai,Cloudy,High
2024-08-26,Delhi,Clear,Low
2024-08-26,Bangalore,Storm,Medium
2024-08-26,Hyderabad,Clear,High
2024-08-26,Pune,Cloudy,High
2024-08-26,Chennai,Clear,Medium
2024-08-26,Kolkata,Clear,High
2024-08-27,Mumbai,Storm,Medium
2024-08-27,Delhi,Rain,Medium
2024-08-27,Bangalore,Cloudy,High
2024-08-27,Hyderabad,Rain,Low
2024-08-27,Pune,Rain,High
2024-08-27,Chennai,Rain,High
2024-08-27,Kolkata,Cloudy,Medium
2024-08-28,Mumbai,Cloudy,Low
2024-08-28,Delhi,Storm,Low
2024-08-28,Bangalore,Rain,High
2024-08-28,Hyderabad,Storm,Low
2024-08-28,Pune,Clear,Medium
2024-08-28,Chennai,Rain,High
2024-08-28,Kolkata,Rain,Medium
2024-08-29,Mumbai,Storm,Medium
2024-08-29,Delhi,Rain,High
2024-08-29,Bangalore,Rain,Low
2024-08-29,Hyderabad,Rain,Medium
2024-08-29,Pune,Cloudy,Low
2024-08-29,Chennai,Cloudy,Low
2024-08-29,Kolkata,Cloudy,Low
2024-08-30,Mumbai,Rain,Low
2024-08-30,Delhi,Rain,High
2024-08-30,Bangalore,Cloudy,Low
2024-08-30,Hyderabad,Storm,Medium
2024-08-30,Pune,Clear,Medium
2024-08-30,Chennai,Storm,Medium
2024-08-30,Kolkata,Cloudy,Low
2024-08-31,Mumbai,Clear,High
2024-08-31,Delhi,Cloudy,High
2024-08-31,Bangalore,Storm,Low
2024-08-31,Hyderabad,Clear,Medium
2024-08-31,Pune,Cloudy,Medium
2024-08-31,Chennai,Storm,Low
2024-08-31,Kolkata,Cloudy,High
2024-09-01,Mumbai,Cloudy,Medium
2024-09-01,Delhi,Cloudy,Medium
2024-09-01,Bangalore,Clear,High
2024-09-01,Hyderabad,Rain,High
2024-09-01,Pune,Cloudy,High
2024-09-01,Chennai,Clear,High
2024-09-01,Kolkata,Rain,High
2024-09-02,Mumbai,Rain,Medium
2024-09-02,Delhi,Cloudy,Medium
2024-09-02,Bangalore,Rain,Low
2024-09-02,Hyderabad,Clear,Low
2024-09-02,Pune,Cloudy,Low
2024-09-02,Chennai,Clear,High
2024-09-02,Kolkata,Clear,Low
2024-09-03,Mumbai,Cloudy,High
2024-09-03,Delhi,Clear,High
2024-09-03,Bangalore,Rain,Medium
2024-09-03,Hyderabad,Rain,High
2024-09-03,Pune,Rain,High
2024-09-03,Chennai,Cloudy,Medium
2024-09-03,Kolkata,Storm,Low
2024-09-04,Mumbai,Clear,Low
2024-09-04,Delhi,Clear,Low
2024-09-04,Bangalore,Clear,Medium
2024-09-04,Hyderabad,Storm,Medium
2024-09-04,Pune,Rain,High
2024-09-04,Chennai,Clear,Medium
2024-09-04,Kolkata,Rain,Medium
2024-09-05,Mumbai,Cloudy,High
2024-09-05,Delhi,Clear,High
2024-09-05,Bangalore,Clear,High
2024-09-05,Hyderabad,Clear,Low
2024-09-05,Pune,Cloudy,Low
2024-09-05,Chennai,Clear,Medium
2024-09-05,Kolkata,Cloudy,Low
2024-09-06,Mumbai,Storm,Low
2024-09-06,Delhi,Clear,High
2024-09-06,Bangalore,Cloudy,Low
2024-09-06,Hyderabad,Storm,Low
2024-09-06,Pune,Clear,High
2024-09-06,Chennai,Storm,Low
2024-09-06,Kolkata,Cloudy,Low
2024-09-07,Mumbai,Cloudy,Low
2024-09-07,Delhi,Clear,Medium
2024-09-07,Bangalore,Cloudy,Low
2024-09-07,Hyderabad,Cloudy,Medium
2024-09-07,Pune,Storm,Low
2024-09-07,Chennai,Storm,High
2024-09-07,Kolkata,Clear,Low
2024-09-08,Mumbai,Rain,High
2024-09-08,Delhi,Rain,Low
2024-09-08,Bangalore,Cloudy,Low
2024-09-08,Hyderabad,Storm,Medium
2024-09-08,Pune,Cloudy,Medium
2024-09-08,Chennai,Clear,Medium
2024-09-08,Kolkata,Rain,High
2024-09-09,Mumbai,Cloudy,Medium
2024-09-09,Delhi,Rain,Low
2024-09-09,Bangalore,Clear,Medium
2024-09-09,Hyderabad,Rain,High
2024-09-09,Pune,Cloudy,High
2024-09-09,Chennai,Storm,High
2024-09-09,Kolkata,Cloudy,Low
2024-09-10,Mumbai,Storm,High
2024-09-10,Delhi,Storm,Medium
2024-09-10,Bangalore,Cloudy,Low
2024-09-10,Hyderabad,Cloudy,Medium
2024-09-10,Pune,Cloudy,Medium
2024-09-10,Chennai,Cloudy,Low
2024-09-10,Kolkata,Storm,Low
2024-09-11,Mumbai,Storm,Low
2024-09-11,Delhi,Storm,High
2024-09-11,Bangalore,Clear,High
2024-09-11,Hyderabad,Clear,High
2024-09-11,Pune,Cloudy,Low
2024-09-11,Chennai,Clear,Low
2024-09-11,Kolkata,Cloudy,Medium
2024-09-12,Mumbai,Rain,High
2024-09-12,Delhi,Storm,Medium
2024-09-12,Bangalore,Clear,High
2024-09-12,Hyderabad,Clear,Medium
2024-09-12,Pune,Rain,Medium
2024-09-12,Chennai,Clear,High
2024-09-12,Kolkata,Storm,Medium
2024-09-13,Mumbai,Rain,Medium
2024-09-13,Delhi,Clear,Low
2024-09-13,Bangalore,Storm,Low
2024-09-13,Hyderabad,Cloudy,Medium
2024-09-13,Pune,Clear,High
2024-09-13,Chennai,Storm,Medium
2024-09-13,Kolkata,Rain,Low
2024-09-14,Mumbai,Rain,High
2024-09-14,Delhi,Rain,Low
2024-09-14,Bangalore,Rain,High
2024-09-14,Hyderabad,Storm,Medium
2024-09-14,Pune,Storm,Medium
2024-09-14,Chennai,Storm,Low
2024-09-14,Kolkata,Cloudy,Low
2024-09-15,Mumbai,Cloudy,Low
2024-09-15,Delhi,Storm,High
2024-09-15,Bangalore,Cloudy,Medium
2024-09-15,Hyderabad,Cloudy,High
2024-09-15,Pune,Clear,Medium
2024-09-15,Chennai,Clear,Medium
2024-09-15,Kolkata,Clear,High
2024-09-16,Mumbai,Storm,Medium
2024-09-16,Delhi,Cloudy,Medium
2024-09-16,Bangalore,Rain,Medium
2024-09-16,Hyderabad,Rain,Low
2024-09-16,Pune,Storm,High
2024-09-16,Chennai,Cloudy,High
2024-09-16,Kolkata,Cloudy,Medium
2024-09-17,Mumbai,Cloudy,High
2024-09-17,Delhi,Cloudy,Medium
2024-09-17,Bangalore,Rain,High
2024-09-17,Hyderabad,Clear,Low
2024-09-17,Pune,Clear,High
2024-09-17,Chennai,Rain,High
2024-09-17,Kolkata,Rain,High
2024-09-18,Mumbai,Clear,Medium
2024-09-18,Delhi,Storm,Medium
2024-09-18,Bangalore,Cloudy,Medium
2024-09-18,Hyderabad,Cloudy,Medium
2024-09-18,Pune,Storm,Low
2024-09-18,Chennai,Cloudy,Low
2024-09-18,Kolkata,Storm,High
2024-09-19,Mumbai,Clear,Low
2024-09-19,Delhi,Cloudy,Low
2024-09-19,Bangalore,Cloudy,Low
2024-09-19,Hyderabad,Rain,Low
2024-09-19,Pune,Rain,Medium
2024-09-19,Chennai,Cloudy,High
2024-09-19,Kolkata,Clear,High
2024-09-20,Mumbai,Cloudy,Medium
2024-09-20,Delhi,Storm,Low
2024-09-20,Bangalore,Rain,Medium
2024-09-20,Hyderabad,Cloudy,Low
2024-09-20,Pune,Clear,Medium
2024-09-20,Chennai,Rain,High
2024-09-20,Kolkata,Clear,Medium
2024-09-21,Mumbai,Storm,Low
2024-09-21,Delhi,Cloudy,Low
2024-09-21,Bangalore,Storm,Medium
2024-09-21,Hyderabad,Clear,Medium
2024-09-21,Pune,Clear,High
2024-09-21,Chennai,Rain,Low
2024-09-21,Kolkata,Storm,Low
2024-09-22,Mumbai,Rain,Medium
2024-09-22,Delhi,Rain,Medium
2024-09-22,Bangalore,Storm,Medium
2024-09-22,Hyderabad,Cloudy,Medium
2024-09-22,Pune,Clear,Low
2024-09-22,Chennai,Clear,Medium
2024-09-22,Kolkata,Cloudy,Medium
2024-09-23,Mumbai,Clear,High
2024-09-23,Delhi,Clear,Low
2024-09-23,Bangalore,Cloudy,Medium
2024-09-23,Hyderabad,Clear,Medium
2024-09-23,Pune,Storm,Low
2024-09-23,Chennai,Storm,Low
2024-09-23,Kolkata,Rain,High
2024-09-24,Mumbai,Cloudy,Low
2024-09-24,Delhi,Rain,Low
2024-09-24,Bangalore,Rain,Medium
2024-09-24,Hyderabad,Rain,High
2024-09-24,Pune,Clear,High
2024-09-24,Chennai,Storm,Medium
2024-09-24,Kolkata,Rain,High
2024-09-25,Mumbai,Clear,High
2024-09-25,Delhi,Rain,Low
2024-09-25,Bangalore,Storm,High
2024-09-25,Hyderabad,Rain,High
2024-09-25,Pune,Cloudy,High
2024-09-25,Chennai,Clear,Low
2024-09-25,Kolkata,Clear,Medium
2024-09-26,Mumbai,Rain,Low
2024-09-26,Delhi,Rain,Low
2024-09-26,Bangalore,Clear,Low
2024-09-26,Hyderabad,Cloudy,High
2024-09-26,Pune,Cloudy,Low
2024-09-26,Chennai,Cloudy,Medium
2024-09-26,Kolkata,Rain,Low
2024-09-27,Mumbai,Cloudy,Low
2024-09-27,Delhi,Clear,High
2024-09-27,Bangalore,Storm,High
2024-09-27,Hyderabad,Clear,High
2024-09-27,Pune,Cloudy,High
2024-09-27,Chennai,Clear,Low
2024-09-27,Kolkata,Rain,High
2024-09-28,Mumbai,Cloudy,Low
2024-09-28,Delhi,Storm,Low
2024-09-28,Bangalore,Storm,Low
2024-09-28,Hyderabad,Clear,Low
2024-09-28,Pune,Storm,Medium
2024-09-28,Chennai,Rain,Low
2024-09-28,Kolkata,Cloudy,Low
2024-09-29,Mumbai,Rain,Medium
2024-09-29,Delhi,Rain,Low
2024-09-29,Bangalore,Storm,Medium
2024-09-29,Hyderabad,Storm,Medium
2024-09-29,Pune,Rain,Low
2024-09-29,Chennai,Clear,High
2024-09-29,Kolkata,Cloudy,Medium
2024-09-30,Mumbai,Cloudy,Medium
2024-09-30,Delhi,Cloudy,Low
2024-09-30,Bangalore,Clear,Medium
2024-09-30,Hyderabad,Rain,Medium
2024-09-30,Pune,Clear,Low
2024-09-30,Chennai,Storm,High
2024-09-30,Kolkata,Rain,Low
2024-10-01,Mumbai,Rain,Medium
2024-10-01,Delhi,Storm,Low
2024-10-01,Bangalore,Cloudy,Low
2024-10-01,Hyderabad,Storm,High
2024-10-01,Pune,Clear,Low
2024-10-01,Chennai,Clear,Medium
2024-10-01,Kolkata,Storm,High
2024-10-02,Mumbai,Rain,High
2024-10-02,Delhi,Storm,Medium
2024-10-02,Bangalore,Storm,Low
2024-10-02,Hyderabad,Cloudy,Medium
2024-10-02,Pune,Clear,Low
2024-10-02,Chennai,Clear,Low
2024-10-02,Kolkata,Clear,Medium
2024-10-03,Mumbai,Storm,High
2024-10-03,Delhi,Rain,Low
2024-10-03,Bangalore,Cloudy,Medium
2024-10-03,Hyderabad,Clear,High
2024-10-03,Pune,Cloudy,Medium
2024-10-03,Chennai,Clear,Low
2024-10-03,Kolkata,Storm,Medium
2024-10-04,Mumbai,Clear,Medium
2024-10-04,Delhi,Rain,High
2024-10-04,Bangalore,Storm,Medium
2024-10-04,Hyderabad,Clear,Medium
2024-10-04,Pune,Clear,High
2024-10-04,Chennai,Rain,High
2024-10-04,Kolkata,Storm,High
2024-10-05,Mumbai,Rain,Low
2024-10-05,Delhi,Clear,Low
2024-10-05,Bangalore,Cloudy,Low
2024-10-05,Hyderabad,Cloudy,High
2024-10-05,Pune,Cloudy,Medium
2024-10-05,Chennai,Cloudy,Medium
2024-10-05,Kolkata,Storm,Medium
2024-10-06,Mumbai,Storm,Medium
2024-10-06,Delhi,Storm,High
2024-10-06,Bangalore,Cloudy,Medium
2024-10-06,Hyderabad,Rain,High
2024-10-06,Pune,Rain,Low
2024-10-06,Chennai,Storm,High
2024-10-06,Kolkata,Cloudy,Medium
2024-10-07,Mumbai,Rain,High
2024-10-07,Delhi,Storm,Medium
2024-10-07,Bangalore,Storm,High
2024-10-07,Hyderabad,Rain,High
2024-10-07,Pune,Cloudy,High
2024-10-07,Chennai,Storm,High
2024-10-07,Kolkata,Cloudy,High
2024-10-08,Mumbai,Clear,High
2024-10-08,Delhi,Storm,Medium
2024-10-08,Bangalore,Storm,Medium
2024-10-08,Hyderabad,Clear,Low
2024-10-08,Pune,Storm,Medium
2024-10-08,Chennai,Clear,High
2024-10-08,Kolkata,Cloudy,High
2024-10-09,Mumbai,Storm,Low
2024-10-09,Delhi,Cloudy,Low
2024-10-09,Bangalore,Cloudy,Medium
2024-10-09,Hyderabad,Rain,Low
2024-10-09,Pune,Cloudy,High
2024-10-09,Chennai,Cloudy,High
2024-10-09,Kolkata,Storm,Low
2024-10-10,Mumbai,Clear,High
2024-10-10,Delhi,Cloudy,Low
2024-10-10,Bangalore,Clear,High
2024-10-10,Hyderabad,Cloudy,Medium
2024-10-10,Pune,Clear,Medium
2024-10-10,Chennai,Storm,High
2024-10-10,Kolkata,Storm,Low
2024-10-11,Mumbai,Rain,Low
2024-10-11,Delhi,Clear,Medium
2024-10-11,Bangalore,Rain,Low
2024-10-11,Hyderabad,Cloudy,High
2024-10-11,Pune,Cloudy,High
2024-10-11,Chennai,Clear,Medium
2024-10-11,Kolkata,Clear,Low
2024-10-12,Mumbai,Clear,Low
2024-10-12,Delhi,Clear,Low
2024-10-12,Bangalore,Clear,Low
2024-10-12,Hyderabad,Storm,Low
2024-10-12,Pune,Rain,Low
2024-10-12,Chennai,Clear,Medium
2024-10-12,Kolkata,Cloudy,Low
2024-10-13,Mumbai,Clear,Low
2024-10-13,Delhi,Cloudy,Medium
2024-10-13,Bangalore,Cloudy,Low
2024-10-13,Hyderabad,Clear,High
2024-10-13,Pune,Storm,Low
2024-10-13,Chennai,Clear,Low
2024-10-13,Kolkata,Cloudy,Low
2024-10-14,Mumbai,Storm,Medium
2024-10-14,Delhi,Clear,Low
2024-10-14,Bangalore,Storm,High
2024-10-14,Hyderabad,Clear,Low
2024-10-14,Pune,Storm,Medium
2024-10-14,Chennai,Clear,Low
2024-10-14,Kolkata,Cloudy,Low
2024-10-15,Mumbai,Clear,Low
2024-10-15,Delhi,Cloudy,High
2024-10-15,Bangalore,Cloudy,Low
2024-10-15,Hyderabad,Rain,Medium
2024-10-15,Pune,Rain,Low
2024-10-15,Chennai,Clear,High
2024-10-15,Kolkata,Storm,High
2024-10-16,Mumbai,Storm,Medium
2024-10-16,Delhi,Rain,Low
2024-10-16,Bangalore,Cloudy,High
2024-10-16,Hyderabad,Rain,Medium
2024-10-16,Pune,Rain,High
2024-10-16,Chennai,Rain,Low
2024-10-16,Kolkata,Rain,Medium
2024-10-17,Mumbai,Clear,Low
2024-10-17,Delhi,Rain,Low
2024-10-17,Bangalore,Storm,Low
2024-10-17,Hyderabad,Storm,High
2024-10-17,Pune,Storm,High
2024-10-17,Chennai,Storm,Low
2024-10-17,Kolkata,Rain,High
2024-10-18,Mumbai,Cloudy,High
2024-10-18,Delhi,Cloudy,Medium
2024-10-18,Bangalore,Clear,High
2024-10-18,Hyderabad,Clear,Low
2024-10-18,Pune,Clear,Medium
2024-10-18,Chennai,Cloudy,Low
2024-10-18,Kolkata,Cloudy,Low
2024-10-19,Mumbai,Clear,High
2024-10-19,Delhi,Rain,Medium
2024-10-19,Bangalore,Rain,High
2024-10-19,Hyderabad,Storm,Low
2024-10-19,Pune,Clear,Low
2024-10-19,Chennai,Clear,High
2024-10-19,Kolkata,Storm,Low
2024-10-20,Mumbai,Clear,Medium
2024-10-20,Delhi,Rain,Medium
2024-10-20,Bangalore,Clear,Low
2024-10-20,Hyderabad,Clear,Low
2024-10-20,Pune,Cloudy,Medium
2024-10-20,Chennai,Rain,High
2024-10-20,Kolkata,Rain,Medium
2024-10-21,Mumbai,Clear,Low
2024-10-21,Delhi,Cloudy,Low
2024-10-21,Bangalore,Cloudy,High
2024-10-21,Hyderabad,Cloudy,Medium
2024-10-21,Pune,Storm,Low
2024-10-21,Chennai,Cloudy,High
2024-10-21,Kolkata,Clear,High
2024-10-22,Mumbai,Rain,Low
2024-10-22,Delhi,Clear,Low
2024-10-22,Bangalore,Cloudy,High
2024-10-22,Hyderabad,Cloudy,Low
2024-10-22,Pune,Rain,High
2024-10-22,Chennai,Cloudy,Low
2024-10-22,Kolkata,Clear,High
2024-10-23,Mumbai,Clear,Low
2024-10-23,Delhi,Clear,Medium
2024-10-23,Bangalore,Clear,High
2024-10-23,Hyderabad,Clear,Medium
2024-10-23,Pune,Clear,Low
2024-10-23,Chennai,Cloudy,High
2024-10-23,Kolkata,Cloudy,High
2024-10-24,Mumbai,Cloudy,Medium
2024-10-24,Delhi,Storm,Medium
2024-10-24,Bangalore,Rain,Medium
2024-10-24,Hyderabad,Cloudy,Medium
2024-10-24,Pune,Storm,Low
2024-10-24,Chennai,Rain,Medium
2024-10-24,Kolkata,Rain,Medium
2024-10-25,Mumbai,Clear,High
2024-10-25,Delhi,Storm,Medium
2024-10-25,Bangalore,Storm,Low
2024-10-25,Hyderabad,Clear,Low
2024-10-25,Pune,Clear,High
2024-10-25,Chennai,Rain,Low
2024-10-25,Kolkata,Clear,High
2024-10-26,Mumbai,Cloudy,Low
2024-10-26,Delhi,Clear,Medium
2024-10-26,Bangalore,Cloudy,High
2024-10-26,Hyderabad,Rain,Low
2024-10-26,Pune,Rain,Medium
2024-10-26,Chennai,Rain,Medium
2024-10-26,Kolkata,Cloudy,Low
2024-10-27,Mumbai,Clear,Medium
2024-10-27,Delhi,Storm,Low
2024-10-27,Bangalore,Clear,High
2024-10-27,Hyderabad,Storm,Medium
2024-10-27,Pune,Clear,High
2024-10-27,Chennai,Storm,Low
2024-10-27,Kolkata,Clear,High
2024-10-28,Mumbai,Cloudy,Low
2024-10-28,Delhi,Storm,High
2024-10-28,Bangalore,Rain,High
2024-10-28,Hyderabad,Rain,High
2024-10-28,Pune,Cloudy,High
2024-10-28,Chennai,Clear,Medium
2024-10-28,Kolkata,Cloudy,Medium
2024-10-29,Mumbai,Cloudy,High
2024-10-29,Delhi,Storm,High
2024-10-29,Bangalore,Storm,High
2024-10-29,Hyderabad,Rain,Medium
2024-10-29,Pune,Cloudy,Medium
2024-10-29,Chennai,Cloudy,Medium
2024-10-29,Kolkata,Rain,High
2024-10-30,Mumbai,Storm,High
2024-10-30,Delhi,Storm,High
2024-10-30,Bangalore,Cloudy,Low
2024-10-30,Hyderabad,Cloudy,Low
2024-10-30,Pune,Rain,Medium
2024-10-30,Chennai,Storm,High
2024-10-30,Kolkata,Storm,Medium
2024-10-31,Mumbai,Storm,Medium
2024-10-31,Delhi,Rain,Low
2024-10-31,Bangalore,Cloudy,High
2024-10-31,Hyderabad,Storm,High
2024-10-31,Pune,Rain,High
2024-10-31,Chennai,Clear,High
2024-10-31,Kolkata,Rain,Medium
2024-11-01,Mumbai,Storm,Low
2024-11-01,Delhi,Rain,High
2024-11-01,Bangalore,Storm,Low
2024-11-01,Hyderabad,Cloudy,Low
2024-11-01,Pune,Clear,High
2024-11-01,Chennai,Clear,Low
2024-11-01,Kolkata,Clear,Low
2024-11-02,Mumbai,Clear,Medium
2024-11-02,Delhi,Clear,Medium
2024-11-02,Bangalore,Storm,Medium
2024-11-02,Hyderabad,Cloudy,Low
2024-11-02,Pune,Clear,Medium
2024-11-02,Chennai,Rain,High
2024-11-02,Kolkata,Rain,Low
2024-11-03,Mumbai,Storm,High
2024-11-03,Delhi,Rain,High
2024-11-03,Bangalore,Cloudy,High
2024-11-03,Hyderabad,Cloudy,High
2024-11-03,Pune,Clear,Low
2024-11-03,Chennai,Storm,High
2024-11-03,Kolkata,Cloudy,Medium
2024-11-04,Mumbai,Clear,High
2024-11-04,Delhi,Clear,High
2024-11-04,Bangalore,Clear,High
2024-11-04,Hyderabad,Clear,Low
2024-11-04,Pune,Rain,High
2024-11-04,Chennai,Clear,Low
2024-11-04,Kolkata,Rain,Low
2024-11-05,Mumbai,Rain,High
2024-11-05,Delhi,Storm,Low
2024-11-05,Bangalore,Storm,Medium
2024-11-05,Hyderabad,Storm,Low
2024-11-05,Pune,Storm,Medium
2024-11-05,Chennai,Clear,Low
2024-11-05,Kolkata,Cloudy,Medium
2024-11-06,Mumbai,Clear,High
2024-11-06,Delhi,Cloudy,Low
2024-11-06,Bangalore,Clear,High
2024-11-06,Hyderabad,Clear,Medium
2024-11-06,Pune,Rain,High
2024-11-06,Chennai,Rain,High
2024-11-06,Kolkata,Cloudy,Low
2024-11-07,Mumbai,Storm,High
2024-11-07,Delhi,Rain,High
2024-11-07,Bangalore,Rain,High
2024-11-07,Hyderabad,Cloudy,Medium
2024-11-07,Pune,Rain,High
2024-11-07,Chennai,Rain,Medium
2024-11-07,Kolkata,Clear,Low
2024-11-08,Mumbai,Cloudy,High
2024-11-08,Delhi,Rain,Medium
2024-11-08,Bangalore,Rain,High
2024-11-08,Hyderabad,Clear,High
2024-11-08,Pune,Cloudy,Low
2024-11-08,Chennai,Cloudy,High
2024-11-08,Kolkata,Storm,High
2024-11-09,Mumbai,Clear,Low
2024-11-09,Delhi,Clear,Medium
2024-11-09,Bangalore,Clear,Low
2024-11-09,Hyderabad,Rain,Low
2024-11-09,Pune,Storm,Low
2024-11-09,Chennai,Rain,Medium
2024-11-09,Kolkata,Rain,Low
2024-11-10,Mumbai,Storm,High
2024-11-10,Delhi,Clear,Medium
2024-11-10,Bangalore,Clear,Medium
2024-11-10,Hyderabad,Rain,Medium
2024-11-10,Pune,Rain,High
2024-11-10,Chennai,Storm,Low
2024-11-10,Kolkata,Rain,Low
2024-11-11,Mumbai,Clear,Low
2024-11-11,Delhi,Clear,Low
2024-11-11,Bangalore,Storm,High
2024-11-11,Hyderabad,Clear,High
2024-11-11,Pune,Rain,Low
2024-11-11,Chennai,Clear,High
2024-11-11,Kolkata,Clear,Medium
2024-11-12,Mumbai,Rain,Medium
2024-11-12,Delhi,Storm,Low
2024-11-12,Bangalore,Cloudy,High
2024-11-12,Hyderabad,Clear,Low
2024-11-12,Pune,Storm,High
2024-11-12,Chennai,Storm,Low
2024-11-12,Kolkata,Rain,Low
2024-11-13,Mumbai,Storm,Medium
2024-11-13,Delhi,Cloudy,Medium
2024-11-13,Bangalore,Cloudy,High
2024-11-13,Hyderabad,Rain,Low
2024-11-13,Pune,Storm,High
2024-11-13,Chennai,Storm,Low
2024-11-13,Kolkata,Clear,Medium
2024-11-14,Mumbai,Rain,High
2024-11-14,Delhi,Storm,Low
2024-11-14,Bangalore,Storm,Low
2024-11-14,Hyderabad,Storm,Medium
2024-11-14,Pune,Storm,High
2024-11-14,Chennai,Cloudy,Medium
2024-11-14,Kolkata,Cloudy,Medium
2024-11-15,Mumbai,Cloudy,Medium
2024-11-15,Delhi,Clear,High
2024-11-15,Bangalore,Rain,Low
2024-11-15,Hyderabad,Cloudy,Medium
2024-11-15,Pune,Clear,Medium
2024-11-15,Chennai,Storm,Medium
2024-11-15,Kolkata,Rain,High
2024-11-16,Mumbai,Cloudy,Low
2024-11-16,Delhi,Rain,High
2024-11-16,Bangalore,Cloudy,High
2024-11-16,Hyderabad,Cloudy,Low
2024-11-16,Pune,Rain,High
2024-11-16,Chennai,Rain,High
2024-11-16,Kolkata,Cloudy,High
2024-11-17,Mumbai,Rain,Low
2024-11-17,Delhi,Storm,Low
2024-11-17,Bangalore,Clear,High
2024-11-17,Hyderabad,Rain,Low
2024-11-17,Pune,Clear,High
2024-11-17,Chennai,Storm,Medium
2024-11-17,Kolkata,Cloudy,High
2024-11-18,Mumbai,Clear,High
2024-11-18,Delhi,Clear,Medium
2024-11-18,Bangalore,Clear,Low
2024-11-18,Hyderabad,Rain,Low
2024-11-18,Pune,Storm,Medium
2024-11-18,Chennai,Cloudy,Low
2024-11-18,Kolkata,Cloudy,High
2024-11-19,Mumbai,Cloudy,High
2024-11-19,Delhi,Cloudy,High
2024-11-19,Bangalore,Rain,Low
2024-11-19,Hyderabad,Rain,High
2024-11-19,Pune,Storm,Low
2024-11-19,Chennai,Storm,Medium
2024-11-19,Kolkata,Clear,High
2024-11-20,Mumbai,Rain,Low
2024-11-20,Delhi,Storm,Low
2024-11-20,Bangalore,Rain,Medium
2024-11-20,Hyderabad,Rain,High
2024-11-20,Pune,Clear,High
2024-11-20,Chennai,Cloudy,High
2024-11-20,Kolkata,Clear,Medium
2024-11-21,Mumbai,Rain,Low
2024-11-21,Delhi,Cloudy,Low
2024-11-21,Bangalore,Clear,Low
2024-11-21,Hyderabad,Rain,Low
2024-11-21,Pune,Rain,Low
2024-11-21,Chennai,Rain,High
2024-11-21,Kolkata,Clear,Low
2024-11-22,Mumbai,Clear,High
2024-11-22,Delhi,Cloudy,Medium
2024-11-22,Bangalore,Clear,Medium
2024-11-22,Hyderabad,Rain,Low
2024-11-22,Pune,Rain,Medium
2024-11-22,Chennai,Rain,Low
2024-11-22,Kolkata,Cloudy,Low
2024-11-23,Mumbai,Clear,Medium
2024-11-23,Delhi,Rain,Medium
2024-11-23,Bangalore,Cloudy,High
2024-11-23,Hyderabad,Rain,Medium
2024-11-23,Pune,Rain,Low
2024-11-23,Chennai,Storm,Low
2024-11-23,Kolkata,Clear,Low
2024-11-24,Mumbai,Rain,High
2024-11-24,Delhi,Storm,High
2024-11-24,Bangalore,Rain,Low
2024-11-24,Hyderabad,Clear,High
2024-11-24,Pune,Cloudy,Medium
2024-11-24,Chennai,Storm,Medium
2024-11-24,Kolkata,Cloudy,Low
2024-11-25,Mumbai,Clear,Medium
2024-11-25,Delhi,Storm,Medium
2024-11-25,Bangalore,Rain,Low
2024-11-25,Hyderabad,Clear,Medium
2024-11-25,Pune,Cloudy,Low
2024-11-25,Chennai,Storm,Low
2024-11-25,Kolkata,Storm,Medium
2024-11-26,Mumbai,Rain,Medium
2024-11-26,Delhi,Storm,High
2024-11-26,Bangalore,Storm,High
2024-11-26,Hyderabad,Rain,High
2024-11-26,Pune,Clear,High
2024-11-26,Chennai,Storm,Medium
2024-11-26,Kolkata,Cloudy,Medium
2024-11-27,Mumbai,Rain,Low
2024-11-27,Delhi,Rain,Medium
2024-11-27,Bangalore,Clear,Medium
2024-11-27,Hyderabad,Cloudy,Low
2024-11-27,Pune,Clear,Medium
2024-11-27,Chennai,Cloudy,Low
2024-11-27,Kolkata,Clear,Medium
2024-11-28,Mumbai,Cloudy,High
2024-11-28,Delhi,Clear,Low
2024-11-28,Bangalore,Storm,Low
2024-11-28,Hyderabad,Clear,High
2024-11-28,Pune,Storm,Medium
2024-11-28,Chennai,Cloudy,High
2024-11-28,Kolkata,Rain,Low
2024-11-29,Mumbai,Clear,Medium
2024-11-29,Delhi,Storm,Medium
2024-11-29,Bangalore,Clear,Low
2024-11-29,Hyderabad,Rain,High
2024-11-29,Pune,Clear,Low
2024-11-29,Chennai,Cloudy,Medium
2024-11-29,Kolkata,Clear,Low
2024-11-30,Mumbai,Cloudy,High
2024-11-30,Delhi,Clear,Medium
2024-11-30,Bangalore,Rain,Medium
2024-11-30,Hyderabad,Rain,High
2024-11-30,Pune,Rain,Medium
2024-11-30,Chennai,Clear,Medium
2024-11-30,Kolkata,Storm,Medium
2024-12-01,Mumbai,Cloudy,Low
2024-12-01,Delhi,Storm,Low
2024-12-01,Bangalore,Cloudy,High
2024-12-01,Hyderabad,Storm,Low
2024-12-01,Pune,Storm,Low
2024-12-01,Chennai,Rain,Low
2024-12-01,Kolkata,Rain,Low
2024-12-02,Mumbai,Cloudy,High
2024-12-02,Delhi,Storm,High
2024-12-02,Bangalore,Storm,Medium
2024-12-02,Hyderabad,Clear,High
2024-12-02,Pune,Rain,Medium
2024-12-02,Chennai,Cloudy,High
2024-12-02,Kolkata,Storm,Medium
2024-12-03,Mumbai,Cloudy,Medium
2024-12-03,Delhi,Cloudy,Low
2024-12-03,Bangalore,Storm,Medium
2024-12-03,Hyderabad,Storm,Low
2024-12-03,Pune,Storm,Low
2024-12-03,Chennai,Storm,Low
2024-12-03,Kolkata,Rain,Low
2024-12-04,Mumbai,Cloudy,High
2024-12-04,Delhi,Cloudy,Medium
2024-12-04,Bangalore,Rain,Low
2024-12-04,Hyderabad,Cloudy,Low
2024-12-04,Pune,Storm,High
2024-12-04,Chennai,Rain,Low
2024-12-04,Kolkata,Rain,Medium
2024-12-05,Mumbai,Rain,Low
2024-12-05,Delhi,Storm,Low
2024-12-05,Bangalore,Clear,High
2024-12-05,Hyderabad,Clear,Low
2024-12-05,Pune,Rain,Low
2024-12-05,Chennai,Cloudy,High
2024-12-05,Kolkata,Clear,Medium
2024-12-06,Mumbai,Clear,High
2024-12-06,Delhi,Storm,High
2024-12-06,Bangalore,Clear,High
2024-12-06,Hyderabad,Cloudy,Low
2024-12-06,Pune,Cloudy,High
2024-12-06,Chennai,Storm,Low
2024-12-06,Kolkata,Storm,Medium
2024-12-07,Mumbai,Storm,Low
2024-12-07,Delhi,Rain,High
2024-12-07,Bangalore,Clear,Low
2024-12-07,Hyderabad,Clear,Low
2024-12-07,Pune,Rain,Medium
2024-12-07,Chennai,Rain,Low
2024-12-07,Kolkata,Cloudy,Medium
2024-12-08,Mumbai,Cloudy,Low
2024-12-08,Delhi,Cloudy,High
2024-12-08,Bangalore,Clear,High
2024-12-08,Hyderabad,Rain,High
2024-12-08,Pune,Cloudy,Low
2024-12-08,Chennai,Clear,High
2024-12-08,Kolkata,Clear,High
2024-12-09,Mumbai,Storm,Medium
2024-12-09,Delhi,Clear,Medium
2024-12-09,Bangalore,Clear,Low
2024-12-09,Hyderabad,Clear,High
2024-12-09,Pune,Rain,High
2024-12-09,Chennai,Rain,High
2024-12-09,Kolkata,Cloudy,High
2024-12-10,Mumbai,Cloudy,Medium
2024-12-10,Delhi,Clear,Medium
2024-12-10,Bangalore,Rain,High
2024-12-10,Hyderabad,Cloudy,Low
2024-12-10,Pune,Rain,Medium
2024-12-10,Chennai,Cloudy,Low
2024-12-10,Kolkata,Rain,Medium
2024-12-11,Mumbai,Clear,Medium
2024-12-11,Delhi,Cloudy,Low
2024-12-11,Bangalore,Clear,High
2024-12-11,Hyderabad,Cloudy,Low
2024-12-11,Pune,Clear,Medium
2024-12-11,Chennai,Rain,High
2024-12-11,Kolkata,Rain,High
2024-12-12,Mumbai,Rain,High
2024-12-12,Delhi,Clear,High
2024-12-12,Bangalore,Rain,High
2024-12-12,Hyderabad,Storm,Medium
2024-12-12,Pune,Rain,Low
2024-12-12,Chennai,Rain,Medium
2024-12-12,Kolkata,Storm,High
2024-12-13,Mumbai,Clear,Low
2024-12-13,Delhi,Cloudy,Medium
2024-12-13,Bangalore,Clear,Medium
2024-12-13,Hyderabad,Clear,High
2024-12-13,Pune,Rain,Low
2024-12-13,Chennai,Rain,Low
2024-12-13,Kolkata,Storm,Medium
2024-12-14,Mumbai,Clear,High
2024-12-14,Delhi,Cloudy,High
2024-12-14,Bangalore,Storm,Medium
2024-12-14,Hyderabad,Clear,Low
2024-12-14,Pune,Cloudy,Low
2024-12-14,Chennai,Storm,Low
2024-12-14,Kolkata,Clear,Medium
2024-12-15,Mumbai,Clear,Low
2024-12-15,Delhi,Storm,Low
2024-12-15,Bangalore,Cloudy,High
2024-12-15,Hyderabad,Cloudy,High
2024-12-15,Pune,Clear,High
2024-12-15,Chennai,Storm,Low
2024-12-15,Kolkata,Clear,Low
2024-12-16,Mumbai,Cloudy,Low
2024-12-16,Delhi,Storm,Low
2024-12-16,Bangalore,Rain,High
2024-12-16,Hyderabad,Rain,High
2024-12-16,Pune,Cloudy,Medium
2024-12-16,Chennai,Rain,Medium
2024-12-16,Kolkata,Rain,Low
2024-12-17,Mumbai,Storm,Medium
2024-12-17,Delhi,Clear,Low
2024-12-17,Bangalore,Cloudy,High
2024-12-17,Hyderabad,Rain,High
2024-12-17,Pune,Cloudy,Low
2024-12-17,Chennai,Storm,Medium
2024-12-17,Kolkata,Rain,Low
2024-12-18,Mumbai,Rain,Medium
2024-12-18,Delhi,Storm,High
2024-12-18,Bangalore,Clear,Low
2024-12-18,Hyderabad,Rain,Low
2024-12-18,Pune,Rain,Low
2024-12-18,Chennai,Cloudy,High
2024-12-18,Kolkata,Cloudy,High
2024-12-19,Mumbai,Clear,High
2024-12-19,Delhi,Storm,High
2024-12-19,Bangalore,Clear,High
2024-12-19,Hyderabad,Rain,Low
2024-12-19,Pune,Storm,High
2024-12-19,Chennai,Storm,High
2024-12-19,Kolkata,Rain,Medium
2024-12-20,Mumbai,Storm,High
2024-12-20,Delhi,Storm,High
2024-12-20,Bangalore,Clear,Medium
2024-12-20,Hyderabad,Storm,Medium
2024-12-20,Pune,Storm,Medium
2024-12-20,Chennai,Rain,High
2024-12-20,Kolkata,Cloudy,Low
2024-12-21,Mumbai,Clear,Medium
2024-12-21,Delhi,Cloudy,Medium
2024-12-21,Bangalore,Cloudy,High
2024-12-21,Hyderabad,Cloudy,High
2024-12-21,Pune,Clear,Medium
2024-12-21,Chennai,Clear,Medium
2024-12-21,Kolkata,Rain,High
2024-12-22,Mumbai,Cloudy,Medium
2024-12-22,Delhi,Rain,Medium
2024-12-22,Bangalore,Clear,High
2024-12-22,Hyderabad,Cloudy,High
2024-12-22,Pune,Cloudy,Low
2024-12-22,Chennai,Storm,Medium
2024-12-22,Kolkata,Cloudy,High
2024-12-23,Mumbai,Storm,Low
2024-12-23,Delhi,Storm,Low
2024-12-23,Bangalore,Storm,Low
2024-12-23,Hyderabad,Storm,Low
2024-12-23,Pune,Cloudy,High
2024-12-23,Chennai,Cloudy,Low
2024-12-23,Kolkata,Storm,Low
2024-12-24,Mumbai,Clear,Medium
2024-12-24,Delhi,Storm,High
2024-12-24,Bangalore,Cloudy,High
2024-12-24,Hyderabad,Rain,High
2024-12-24,Pune,Cloudy,High
2024-12-24,Chennai,Storm,Medium
2024-12-24,Kolkata,Clear,Medium
2024-12-25,Mumbai,Storm,Medium
2024-12-25,Delhi,Cloudy,Medium
2024-12-25,Bangalore,Rain,Low
2024-12-25,Hyderabad,Storm,High
2024-12-25,Pune,Storm,High
2024-12-25,Chennai,Storm,High
2024-12-25,Kolkata,Cloudy,High
2024-12-26,Mumbai,Storm,Medium
2024-12-26,Delhi,Clear,Low
2024-12-26,Bangalore,Rain,Medium
2024-12-26,Hyderabad,Clear,Medium
2024-12-26,Pune,Clear,Low
2024-12-26,Chennai,Clear,Low
2024-12-26,Kolkata,Cloudy,Low
2024-12-27,Mumbai,Cloudy,High
2024-12-27,Delhi,Storm,High
2024-12-27,Bangalore,Cloudy,High
2024-12-27,Hyderabad,Clear,Medium
2024-12-27,Pune,Clear,Low
2024-12-27,Chennai,Cloudy,Low
2024-12-27,Kolkata,Storm,Medium
2024-12-28,Mumbai,Rain,Low
2024-12-28,Delhi,Storm,Low
2024-12-28,Bangalore,Storm,Medium
2024-12-28,Hyderabad,Cloudy,Low
2024-12-28,Pune,Cloudy,Medium
2024-12-28,Chennai,Cloudy,Low
2024-12-28,Kolkata,Clear,Medium
2024-12-29,Mumbai,Cloudy,High
2024-12-29,Delhi,Storm,Low
2024-12-29,Bangalore,Cloudy,Low
2024-12-29,Hyderabad,Storm,Low
2024-12-29,Pune,Rain,Medium
2024-12-29,Chennai,Rain,Low
2024-12-29,Kolkata,Clear,High
2024-12-30,Mumbai,Clear,Medium
2024-12-30,Delhi,Rain,Medium
2024-12-30,Bangalore,Storm,Low
2024-12-30,Hyderabad,Storm,High
2024-12-30,Pune,Clear,High
2024-12-30,Chennai,Clear,Low
2024-12-30,Kolkata,Storm,Medium
